run,project,level,model,variant,job_status,coverage,missing_files
cluster-run,all,5,RF,baseline,succeeded,complete,
cluster-run,all,5,RF,refactored,succeeded,complete,
cluster-run,all,5,XGboost,baseline,succeeded,complete,
cluster-run,all,5,XGboost,refactored,succeeded,complete,
cluster-run,all,5,NN,baseline,succeeded,complete,
cluster-run,all,5,NN,refactored,succeeded,complete,
cluster-run,all,10,RF,baseline,succeeded,complete,
cluster-run,all,10,RF,refactored,succeeded,complete,
cluster-run,all,10,XGboost,baseline,succeeded,complete,
cluster-run,all,10,XGboost,refactored,succeeded,complete,
cluster-run,all,10,NN,baseline,succeeded,complete,
cluster-run,all,10,NN,refactored,succeeded,complete,
cluster-run,all,15,RF,baseline,succeeded,complete,
cluster-run,all,15,RF,refactored,succeeded,complete,
cluster-run,all,15,XGboost,baseline,succeeded,complete,
cluster-run,all,15,XGboost,refactored,succeeded,complete,
cluster-run,all,15,NN,baseline,succeeded,complete,
cluster-run,all,15,NN,refactored,succeeded,complete,
cluster-run,all,20,RF,baseline,succeeded,complete,
cluster-run,all,20,RF,refactored,succeeded,complete,
cluster-run,all,20,XGboost,baseline,succeeded,complete,
cluster-run,all,20,XGboost,refactored,succeeded,complete,
cluster-run,all,20,NN,baseline,succeeded,complete,
cluster-run,all,20,NN,refactored,succeeded,complete,
