run,project,level,model,variant,auc_prc,average_precision,accuracy,roc_auc,precision,recall,f1,row_count,positive_rate,metrics_path
cluster-run,all,5,RF,baseline,0.13408669194339468,0.13521031398765176,0.7863588667366211,0.5857209444835589,0.12861271676300579,0.1765873015873016,0.14882943143812707,4765,0.10577124868835257,artifacts/cluster-run/all/results/model/words_5/RF/baseline/metrics.json
cluster-run,all,5,RF,refactored,0.14320106957613504,0.14442457223522223,0.8182581322140609,0.5950364695670962,0.14785992217898833,0.15079365079365079,0.14931237721021612,4765,0.10577124868835257,artifacts/cluster-run/all/results/model/words_5/RF/refactored/metrics.json
cluster-run,all,5,XGboost,baseline,0.14701492467332153,0.1484012515400372,0.8090241343126967,0.6137916149797163,0.15593220338983052,0.18253968253968253,0.16819012797074953,4765,0.10577124868835257,artifacts/cluster-run/all/results/model/words_5/XGboost/baseline/metrics.json
cluster-run,all,5,XGboost,refactored,0.14522604359063926,0.14622709303586773,0.6923399790136411,0.6173724496448035,0.1463235294117647,0.3948412698412698,0.21351931330472104,4765,0.10577124868835257,artifacts/cluster-run/all/results/model/words_5/XGboost/refactored/metrics.json
cluster-run,all,5,NN,baseline,0.1298112950092397,0.13064705003265728,0.7922350472193075,0.507740004395719,0.125,0.16071428571428573,0.14062500000000003,4765,0.10577124868835257,artifacts/cluster-run/all/results/model/words_5/NN/baseline/metrics.json
cluster-run,all,5,NN,refactored,0.11496473692606904,0.11581459997500092,0.7429171038824763,0.4997974430325991,0.12092534174553102,0.22817460317460317,0.15807560137457044,4765,0.10577124868835257,artifacts/cluster-run/all/results/model/words_5/NN/refactored/metrics.json
cluster-run,all,10,RF,baseline,0.09986088969719606,0.10141718745393818,0.8679958027282266,0.6248582813582814,0.1,0.11692307692307692,0.1078014184397163,4765,0.06820566631689402,artifacts/cluster-run/all/results/model/words_10/RF/baseline/metrics.json
cluster-run,all,10,RF,refactored,0.10341875564121582,0.10504356784098379,0.8654774396642183,0.6411344421344422,0.11083743842364532,0.13846153846153847,0.12311901504787963,4765,0.06820566631689402,artifacts/cluster-run/all/results/model/words_10/RF/refactored/metrics.json
cluster-run,all,10,XGboost,baseline,0.10736579881972057,0.10852167417007821,0.8537250786988457,0.6472813582813582,0.11885245901639344,0.17846153846153845,0.14268142681426815,4765,0.06820566631689402,artifacts/cluster-run/all/results/model/words_10/XGboost/baseline/metrics.json
cluster-run,all,10,XGboost,refactored,0.10153897637795058,0.10317826680478742,0.8379853095487932,0.6469258489258489,0.08990825688073395,0.15076923076923077,0.11264367816091954,4765,0.06820566631689402,artifacts/cluster-run/all/results/model/words_10/XGboost/refactored/metrics.json
cluster-run,all,10,NN,baseline,0.09132900204735339,0.09309775381815072,0.8472193074501574,0.5721212751212751,0.11324376199616124,0.18153846153846154,0.13947990543735223,4765,0.06820566631689402,artifacts/cluster-run/all/results/model/words_10/NN/baseline/metrics.json
cluster-run,all,10,NN,refactored,0.1049507931835707,0.1065345021729594,0.8732423924449108,0.60197920997921,0.11989100817438691,0.13538461538461538,0.12716763005780346,4765,0.06820566631689402,artifacts/cluster-run/all/results/model/words_10/NN/refactored/metrics.json
cluster-run,all,15,RF,baseline,0.08519152533688826,0.08678919973563928,0.8799580272822666,0.6695193370165746,0.0891089108910891,0.15,0.11180124223602485,4765,0.05036726128016789,artifacts/cluster-run/all/results/model/words_15/RF/baseline/metrics.json
cluster-run,all,15,RF,refactored,0.08376238571707453,0.08543392068095307,0.8856243441762854,0.6761726519337017,0.08672086720867209,0.13333333333333333,0.10509031198686372,4765,0.05036726128016789,artifacts/cluster-run/all/results/model/words_15/RF/refactored/metrics.json
cluster-run,all,15,XGboost,baseline,0.07575253362559936,0.07743454453312912,0.8621196222455404,0.6626680478821363,0.05919661733615222,0.11666666666666667,0.0785413744740533,4765,0.05036726128016789,artifacts/cluster-run/all/results/model/words_15/XGboost/baseline/metrics.json
cluster-run,all,15,XGboost,refactored,0.08560305222275916,0.08681663884197519,0.9152151101783841,0.6809562615101289,0.07731958762886598,0.0625,0.06912442396313365,4765,0.05036726128016789,artifacts/cluster-run/all/results/model/words_15/XGboost/refactored/metrics.json
cluster-run,all,15,NN,baseline,0.07547260464725383,0.07711960056751868,0.8560335781741868,0.5940165745856354,0.07924528301886792,0.175,0.10909090909090909,4765,0.05036726128016789,artifacts/cluster-run/all/results/model/words_15/NN/baseline/metrics.json
cluster-run,all,15,NN,refactored,0.07731807106926766,0.07832704944253258,0.8818467995802728,0.5780497237569061,0.07611548556430446,0.12083333333333333,0.09339774557165861,4765,0.05036726128016789,artifacts/cluster-run/all/results/model/words_15/NN/refactored/metrics.json
cluster-run,all,20,RF,baseline,0.07747347765366824,0.07894981726166406,0.9353620146904512,0.6674620035392396,0.11258278145695365,0.08900523560209424,0.09941520467836258,4765,0.04008394543546694,artifacts/cluster-run/all/results/model/words_20/RF/baseline/metrics.json
cluster-run,all,20,RF,refactored,0.07649396658360672,0.07806557777502035,0.9273871983210913,0.682131762271157,0.08994708994708994,0.08900523560209424,0.08947368421052632,4765,0.04008394543546694,artifacts/cluster-run/all/results/model/words_20/RF/refactored/metrics.json
cluster-run,all,20,XGboost,baseline,0.07672378503169253,0.07931628612203584,0.9137460650577125,0.7027158970461315,0.09854014598540146,0.14136125654450263,0.11612903225806451,4765,0.04008394543546694,artifacts/cluster-run/all/results/model/words_20/XGboost/baseline/metrics.json
cluster-run,all,20,XGboost,refactored,0.07357004958455021,0.07574870743845265,0.910598111227702,0.6904704945091422,0.09059233449477352,0.13612565445026178,0.1087866108786611,4765,0.04008394543546694,artifacts/cluster-run/all/results/model/words_20/XGboost/refactored/metrics.json
cluster-run,all,20,NN,baseline,0.07671668436431352,0.07946063233877934,0.9137460650577125,0.6514844889278577,0.0703125,0.09424083769633508,0.08053691275167786,4765,0.04008394543546694,artifacts/cluster-run/all/results/model/words_20/NN/baseline/metrics.json
cluster-run,all,20,NN,refactored,0.06608198374296814,0.06754279774853031,0.9147953830010493,0.6269456088018552,0.09125475285171103,0.1256544502617801,0.10572687224669602,4765,0.04008394543546694,artifacts/cluster-run/all/results/model/words_20/NN/refactored/metrics.json
