,issue_key1,issue_key2,time_add_to_sprint,created,from_string,to_string,field,if_before
0,CART-110,,2017-05-08 00:49:30,,,,,
1,CART-120,,2017-01-03 09:20:02,,,,,
2,CART-121,,2016-12-19 08:14:46,,,,,
3,CART-122,,2016-12-19 08:58:46,,,,,
4,CART-123,,2016-12-19 08:16:08,,,,,
5,CART-124,,2016-12-19 08:17:14,,,,,
6,CART-125,,2016-12-05 09:18:35,,,,,
7,CART-127,,2017-03-24 23:09:53,,,,,
8,CART-13,,2016-10-11 02:17:19,,,,,
9,CART-131,,2017-01-30 08:22:40,,,,,
10,CART-134,,2017-04-24 08:08:31,,,,,
11,CART-136,,2017-01-17 08:23:23,,,,,
12,CART-139,,2017-02-13 08:11:21,,,,,
13,CART-144,,2017-03-13 08:30:58,,,,,
14,CART-15,,2016-10-13 11:10:08,,,,,
15,CART-169,,2017-03-13 08:30:58,,,,,
16,CART-174,,2017-03-13 08:30:58,,,,,
17,CART-179,,2017-03-24 23:25:22,,,,,
18,CART-20,,2016-10-17 15:11:48,,,,,
19,CART-224,,2017-10-23 12:39:03,,,,,
20,CART-225,,2018-01-08 14:10:56,,,,,
21,CART-24,,2016-11-15 14:21:35,,,,,
22,CART-252,,2018-01-16 12:41:16,,,,,
23,CART-282,,2018-03-09 10:21:35,,,,,
24,CART-286,,2019-03-08 11:42:40,,,,,
25,CART-298,,2017-10-09 08:45:20,,,,,
26,CART-306,,2017-10-23 12:52:56,,,,,
27,CART-31,,2016-11-15 14:07:20,,,,,
28,CART-321,,2017-10-23 12:50:29,,,,,
29,CART-322,,2017-10-23 12:50:29,,,,,
30,CART-323,,2017-10-23 12:50:30,,,,,
31,CART-324,,2017-10-23 12:50:30,,,,,
32,CART-325,,2017-10-23 12:50:30,,,,,
33,CART-327,,2017-10-23 12:50:30,,,,,
34,CART-328,,2017-10-23 12:46:38,,,,,
35,CART-329,,2017-10-23 12:48:17,,,,,
36,CART-330,,2017-10-23 12:48:42,,,,,
37,CART-331,,2017-10-24 09:21:41,,,,,
38,CART-333,,2018-07-02 11:09:35,,,,,
39,CART-342,,2017-11-06 12:45:04,,,,,
40,CART-343,,2017-11-06 12:46:39,,,,,
41,CART-354,,2017-11-20 12:35:25,,,,,
42,CART-355,,2017-11-20 12:35:25,,,,,
43,CART-365,,2017-12-05 12:06:44,,,,,
44,CART-366,,2017-12-05 12:07:49,,,,,
45,CART-367,,2017-12-05 12:07:28,,,,,
46,CART-368,,2017-12-05 12:07:50,,,,,
47,CART-369,,2017-12-05 12:07:50,,,,,
48,CART-375,,2018-01-08 14:09:43,,,,,
49,CART-377,,2018-01-16 12:39:39,,,,,
50,CART-378,,2018-01-16 12:42:24,,,,,
51,CART-379,,2018-01-16 12:42:51,,,,,
52,CART-380,,2018-04-09 14:57:02,,,,,
53,CART-381,,2018-01-29 13:26:00,,,,,
54,CART-382,,2018-01-29 13:20:44,,,,,
55,CART-385,,2018-01-25 19:55:40,,,,,
56,CART-387,,2018-01-26 17:18:15,,,,,
57,CART-388,,2018-01-29 13:20:57,,,,,
58,CART-390,,2018-01-29 14:42:35,,,,,
59,CART-391,,2018-01-29 14:45:55,,,,,
60,CART-392,,2018-01-29 14:45:55,,,,,
61,CART-394,,2018-02-05 11:11:47,,,,,
62,CART-395,,2018-02-06 11:16:13,,,,,
63,CART-399,,2018-02-12 12:54:58,,,,,
64,CART-40,,2016-10-24 13:25:34,,,,,
65,CART-407,,2018-07-30 11:34:56,,,,,
66,CART-409,,2018-02-26 10:20:53,,,,,
67,CART-410,,2018-02-26 10:17:25,,,,,
68,CART-414,,2018-03-05 11:46:42,,,,,
69,CART-423,,2018-03-09 10:12:19,,,,,
70,CART-424,,2018-03-09 09:51:57,,,,,
71,CART-428,,2018-03-15 10:02:53,,,,,
72,CART-430,,2018-03-20 10:27:55,,,,,
73,CART-432,,2018-03-26 10:15:46,,,,,
74,CART-433,,2018-03-26 10:18:55,,,,,
75,CART-434,,2018-03-28 10:15:54,,,,,
76,CART-435,,2018-04-09 14:46:15,,,,,
77,CART-436,,2018-04-03 06:46:02,,,,,
78,CART-438,,2018-04-09 14:45:28,,,,,
79,CART-440,,2018-04-23 10:31:09,,,,,
80,CART-441,,2018-04-23 10:35:12,,,,,
81,CART-442,,2018-04-23 10:36:24,,,,,
82,CART-443,,2018-04-23 10:37:44,,,,,
83,CART-444,,2018-04-23 13:37:39,,,,,
84,CART-445,,2018-05-03 14:23:51,,,,,
85,CART-446,,2018-05-07 10:26:43,,,,,
86,CART-448,,2018-05-09 08:27:42,,,,,
87,CART-449,,2018-05-21 13:17:14,,,,,
88,CART-450,,2018-05-21 13:18:01,,,,,
89,CART-453,,2018-07-02 11:03:22,,,,,
90,CART-455,,2018-06-04 10:23:39,,,,,
91,CART-456,,2018-06-04 10:26:51,,,,,
92,CART-457,,2018-06-04 13:21:19,,,,,
93,CART-458,,2018-06-18 10:23:29,,,,,
94,CART-46,,2016-11-22 09:15:40,,,,,
95,CART-460,,2018-06-18 09:54:05,,,,,
96,CART-461,,2018-06-18 10:27:42,,,,,
97,CART-462,,2018-06-20 10:04:09,,,,,
98,CART-467,,2018-06-25 13:53:54,,,,,
99,CART-471,,2018-07-17 12:13:00,,,,,
100,CART-475,,2018-07-17 12:05:57,,,,,
101,CART-476,,2018-07-17 12:07:45,,,,,
102,CART-477,,2018-07-17 12:29:55,,,,,
103,CART-49,,2016-10-11 09:17:44,,,,,
104,CART-495,,2018-08-15 13:40:34,,,,,
105,CART-497,,2018-08-15 13:42:06,,,,,
106,CART-498,,2018-08-15 13:42:23,,,,,
107,CART-500,,2018-09-10 11:32:04,,,,,
108,CART-503,,2018-08-27 11:15:00,,,,,
109,CART-504,,2018-08-27 11:25:39,,,,,
110,CART-505,,2018-08-27 11:28:27,,,,,
111,CART-508,,2018-09-03 02:49:40,,,,,
112,CART-509,,2018-08-28 07:27:37,,,,,
113,CART-510,,2018-08-28 00:39:22,,,,,
114,CART-511,,2018-08-28 00:41:28,,,,,
115,CART-512,,2018-08-28 00:43:23,,,,,
116,CART-513,,2018-09-24 11:23:42,,,,,
117,CART-517,,2018-09-24 11:09:49,,,,,
118,CART-519,,2018-09-24 11:26:03,,,,,
119,CART-52,,2016-10-06 05:56:15,,,,,
120,CART-522,,2018-09-24 11:37:46,,,,,
121,CART-524,,2018-12-17 10:37:00,,,,,
122,CART-525,,2018-10-08 11:26:16,,,,,
123,CART-527,,2018-09-28 02:06:34,,,,,
124,CART-529,,2018-10-08 11:16:46,,,,,
125,CART-53,,2017-01-30 08:09:21,,,,,
126,CART-538,,2018-11-05 11:50:28,,,,,
127,CART-539,,2018-11-05 11:56:29,,,,,
128,CART-54,,2016-10-11 09:20:22,,,,,
129,CART-540,,2018-11-05 12:03:35,,,,,
130,CART-545,,2018-11-14 08:18:40,,,,,
131,CART-549,,2018-11-19 11:27:32,,,,,
132,CART-552,,2018-11-22 06:14:57,,,,,
133,CART-557,,2018-12-17 10:38:46,,,,,
134,CART-564,,2018-12-17 10:34:47,,,,,
135,CART-565,,2019-02-11 12:32:13,,,,,
136,CART-566,,2018-12-17 10:37:22,,,,,
137,CART-571,,2019-01-25 03:42:39,,,,,
138,CART-573,,2019-01-29 12:34:36,,,,,
139,CART-594,,2019-02-28 12:00:32,,,,,
140,CART-604,,2020-01-22 10:52:35,,,,,
141,CART-633,,2020-01-22 10:52:53,,,,,
142,CART-667,,2020-01-22 10:52:41,,,,,
143,CART-721,,2020-01-22 10:57:22,,,,,
144,CART-722,,2020-01-22 10:52:27,,,,,
145,CART-724,,2020-01-22 10:52:42,,,,,
146,CART-725,,2020-01-22 10:52:39,,,,,
147,CART-768,,2020-01-22 10:57:43,,,,,
148,CART-77,,2016-12-05 08:58:43,,,,,
149,CART-805,,2020-01-22 10:52:57,,,,,
150,CART-812,,2020-01-22 10:52:32,,,,,
151,CART-814,,2020-01-22 10:52:39,,,,,
152,CART-815,,2020-01-22 10:52:47,,,,,
153,CART-821,,2020-01-22 10:52:46,,,,,
154,CART-827,,2020-01-22 10:52:29,,,,,
155,CART-83,,2016-12-05 09:01:30,,,,,
156,CART-832,,2020-01-08 14:27:30,,,,,
157,CART-835,,2020-01-22 10:57:30,,,,,
158,CART-837,,2020-01-22 10:57:33,,,,,
159,CART-838,,2020-01-22 10:57:47,,,,,
160,CART-861,,2020-06-29 15:54:55,,,,,
161,DAOS-10,,2016-04-06 03:13:52,,,,,
162,DAOS-1003,,2018-07-17 14:08:00,,,,,
163,DAOS-1005,,2018-06-05 07:54:35,,,,,
164,DAOS-1006,,2018-06-05 10:16:53,,,,,
165,DAOS-1007,,2018-06-05 10:31:39,,,,,
166,DAOS-1008,,2018-06-19 10:39:38,,,,,
167,DAOS-1009,,2018-06-19 10:39:38,,,,,
168,DAOS-1010,,2018-06-19 10:39:38,,,,,
169,DAOS-1011,,2018-06-19 10:39:38,,,,,
170,DAOS-1012,,2018-06-19 10:39:38,,,,,
171,DAOS-1013,,2018-06-05 10:41:43,,,,,
172,DAOS-1015,,2018-06-05 14:35:27,,,,,
173,DAOS-1016,,2018-06-06 08:28:23,,,,,
174,DAOS-1017,,2018-06-19 16:46:34,,,,,
175,DAOS-1018,,2018-06-06 08:27:50,,,,,
176,DAOS-1019,DAOS-1019,2018-06-06 08:27:19,2022-03-10 08:01:51,,This issue verifies SRS-205,Link,0.0
177,DAOS-1019,DAOS-1019,2018-06-06 08:27:19,2022-03-10 08:01:24,,This issue verifies SRS-204,Link,0.0
178,DAOS-102,,2016-06-09 09:09:02,,,,,
179,DAOS-1020,,2018-06-05 17:21:32,,,,,
180,DAOS-1021,,2018-06-05 16:47:00,,,,,
181,DAOS-1022,,2018-07-17 16:20:10,,,,,
182,DAOS-1023,,2018-06-05 17:19:52,,,,,
183,DAOS-1024,,2018-06-05 17:20:48,,,,,
184,DAOS-1029,,2018-06-08 12:34:11,,,,,
185,DAOS-1031,,2018-06-11 15:20:36,,,,,
186,DAOS-1034,,2018-07-31 16:43:06,,,,,
187,DAOS-1038,,2018-06-19 17:26:43,,,,,
188,DAOS-1039,,2018-06-19 17:26:43,,,,,
189,DAOS-104,,2016-06-13 06:54:50,,,,,
190,DAOS-1040,,2018-06-19 07:37:47,,,,,
191,DAOS-1041,,2018-06-19 10:24:10,,,,,
192,DAOS-1042,,2018-06-19 10:37:57,,,,,
193,DAOS-1043,,2018-06-19 12:22:29,,,,,
194,DAOS-1044,,2018-06-19 14:18:54,,,,,
195,DAOS-1045,,2018-06-19 14:33:26,,,,,
196,DAOS-1046,,2018-06-19 16:46:05,,,,,
197,DAOS-1047,,2018-06-19 17:26:43,,,,,
198,DAOS-1049,,2018-06-19 15:46:30,,,,,
199,DAOS-105,,2016-06-13 07:07:53,,,,,
200,DAOS-1050,,2018-06-19 17:27:14,,,,,
201,DAOS-1051,,2018-06-19 15:54:10,,,,,
202,DAOS-1052,,2018-06-19 15:56:38,,,,,
203,DAOS-1053,,2018-06-19 16:04:35,,,,,
204,DAOS-1054,,2018-06-19 16:28:52,,,,,
205,DAOS-1055,,2018-06-19 17:22:28,,,,,
206,DAOS-1056,,2018-06-19 17:24:17,,,,,
207,DAOS-1057,,2018-07-05 16:49:05,,,,,
208,DAOS-1058,,2018-06-21 08:12:30,,,,,
209,DAOS-1061,,2018-08-06 09:25:04,,,,,
210,DAOS-1067,,2018-06-26 10:50:32,,,,,
211,DAOS-1068,,2018-06-26 10:50:58,,,,,
212,DAOS-1069,,2018-06-26 12:26:21,,,,,
213,DAOS-1070,,2018-06-27 08:18:00,,,,,
214,DAOS-1071,,2018-07-05 06:03:16,,,,,
215,DAOS-1073,,2018-06-29 09:32:56,,,,,
216,DAOS-1078,,2018-06-29 17:19:31,,,,,
217,DAOS-1079,,2018-06-29 17:21:04,,,,,
218,DAOS-108,,2016-06-21 23:18:17,,,,,
219,DAOS-1081,,2018-07-05 08:34:55,,,,,
220,DAOS-1082,,2018-07-02 13:35:24,,,,,
221,DAOS-1084,,2018-07-03 08:31:30,,,,,
222,DAOS-1089,,2018-07-03 11:01:42,,,,,
223,DAOS-109,,2016-06-21 23:56:14,,,,,
224,DAOS-1091,,2018-07-03 18:50:24,,,,,
225,DAOS-1094,,2018-07-05 08:34:48,,,,,
226,DAOS-1095,,2018-07-05 08:36:24,,,,,
227,DAOS-1096,,2018-07-05 16:28:54,,,,,
228,DAOS-1097,,2018-07-05 17:24:41,,,,,
229,DAOS-1098,,2018-07-05 17:24:41,,,,,
230,DAOS-1099,,2018-07-05 17:14:33,,,,,
231,DAOS-11,,2016-04-06 03:15:44,,,,,
232,DAOS-110,,2016-06-22 00:04:17,,,,,
233,DAOS-1100,,2018-07-17 12:33:10,,,,,
234,DAOS-1101,,2018-07-17 12:32:53,,,,,
235,DAOS-1102,,2018-07-05 17:12:10,,,,,
236,DAOS-1103,,2018-07-05 17:13:10,,,,,
237,DAOS-1105,,2018-07-05 16:51:08,,,,,
238,DAOS-1106,,2018-07-05 17:23:19,,,,,
239,DAOS-1107,,2018-07-05 17:24:09,,,,,
240,DAOS-1108,,2018-07-18 13:16:10,,,,,
241,DAOS-1109,,2018-07-06 13:00:48,,,,,
242,DAOS-111,,2016-06-22 00:06:18,,,,,
243,DAOS-1110,,2018-07-08 02:59:51,,,,,
244,DAOS-1111,,2018-07-08 03:28:03,,,,,
245,DAOS-1114,,2018-07-10 05:51:11,,,,,
246,DAOS-1118,,2018-07-31 07:19:19,,,,,
247,DAOS-1119,,2018-07-12 11:18:47,,,,,
248,DAOS-112,,2016-06-22 00:15:12,,,,,
249,DAOS-1123,,2018-07-14 04:49:00,,,,,
250,DAOS-1124,DAOS-1124,2018-07-14 05:06:52,2022-03-10 07:51:35,,This issue implements SRS-176,Link,0.0
251,DAOS-1124,DAOS-1124,2018-07-14 05:06:52,2022-03-10 07:43:17,,This issue implements SRS-166,Link,0.0
252,DAOS-1124,DAOS-1124,2018-07-14 05:06:52,2022-03-10 07:41:45,,This issue implements SRS-163,Link,0.0
253,DAOS-1125,,2018-08-28 07:32:30,,,,,
254,DAOS-1126,,2018-08-15 14:46:01,,,,,
255,DAOS-1127,,2018-07-17 16:16:16,,,,,
256,DAOS-113,,2016-06-22 00:27:34,,,,,
257,DAOS-1130,,2018-07-17 15:30:45,,,,,
258,DAOS-1131,,2018-07-17 15:34:30,,,,,
259,DAOS-1132,,2018-07-17 17:08:59,,,,,
260,DAOS-1133,,2018-07-17 16:15:10,,,,,
261,DAOS-1134,,2018-07-17 16:15:01,,,,,
262,DAOS-1135,,2018-07-17 17:15:04,,,,,
263,DAOS-1136,,2018-07-17 17:18:15,,,,,
264,DAOS-1139,,2018-07-19 09:50:33,,,,,
265,DAOS-114,,2016-06-22 00:28:49,,,,,
266,DAOS-115,,2016-07-19 06:20:21,,,,,
267,DAOS-1159,,2018-07-25 13:53:07,,,,,
268,DAOS-116,,2016-07-19 06:08:14,,,,,
269,DAOS-1160,,2018-07-26 11:15:21,,,,,
270,DAOS-1165,,2018-08-15 14:35:24,,,,,
271,DAOS-1168,,2018-08-14 16:40:45,,,,,
272,DAOS-1169,,2018-07-31 16:32:17,,,,,
273,DAOS-117,,2016-07-19 06:09:03,,,,,
274,DAOS-1171,,2018-08-14 07:26:29,,,,,
275,DAOS-1175,,2018-08-15 14:45:07,,,,,
276,DAOS-1177,,2018-07-31 07:24:06,,,,,
277,DAOS-1178,,2018-07-31 07:24:09,,,,,
278,DAOS-1179,,2018-07-30 16:23:05,,,,,
279,DAOS-118,,2016-07-19 06:11:40,,,,,
280,DAOS-1180,,2018-07-30 16:25:52,,,,,
281,DAOS-1181,,2018-07-30 16:26:31,,,,,
282,DAOS-1183,,2018-07-30 23:23:57,,,,,
283,DAOS-1184,,2018-07-31 07:44:59,,,,,
284,DAOS-1185,,2018-07-31 07:45:01,,,,,
285,DAOS-1186,,2018-07-31 07:14:26,,,,,
286,DAOS-1187,,2018-07-31 07:16:06,,,,,
287,DAOS-1188,,2018-07-31 07:23:22,,,,,
288,DAOS-1189,,2018-07-31 07:31:37,,,,,
289,DAOS-119,,2016-07-27 10:51:29,,,,,
290,DAOS-1190,,2018-07-31 07:32:34,,,,,
291,DAOS-1191,,2018-07-31 07:33:11,,,,,
292,DAOS-1192,,2018-07-31 07:40:32,,,,,
293,DAOS-1193,,2018-07-31 07:40:53,,,,,
294,DAOS-1194,,2018-07-31 07:42:04,,,,,
295,DAOS-1195,,2018-07-31 16:44:54,,,,,
296,DAOS-12,,2016-04-06 03:18:27,,,,,
297,DAOS-120,,2016-07-28 06:57:03,,,,,
298,DAOS-1201,,2018-08-02 11:00:41,,,,,
299,DAOS-1202,,2018-08-06 09:12:44,,,,,
300,DAOS-1203,,2018-08-06 14:29:15,,,,,
301,DAOS-1205,,2018-08-07 04:22:41,,,,,
302,DAOS-1209,,2018-08-10 07:57:56,,,,,
303,DAOS-121,,2016-07-28 06:58:29,,,,,
304,DAOS-1210,,2018-08-10 12:34:20,,,,,
305,DAOS-1211,,2018-08-13 10:23:09,,,,,
306,DAOS-1213,,2018-08-13 10:27:15,,,,,
307,DAOS-1214,,2018-08-14 07:25:08,,,,,
308,DAOS-1215,,2018-08-14 07:29:45,,,,,
309,DAOS-1216,,2018-08-14 07:18:34,,,,,
310,DAOS-1217,,2018-08-14 07:18:20,,,,,
311,DAOS-1218,,2018-08-14 07:15:17,,,,,
312,DAOS-1219,,2018-08-14 07:16:09,,,,,
313,DAOS-122,,2016-07-28 06:59:54,,,,,
314,DAOS-1221,,2018-08-16 14:02:48,,,,,
315,DAOS-1223,,2018-08-14 16:41:13,,,,,
316,DAOS-1224,,2018-08-24 14:13:43,,,,,
317,DAOS-1227,,2018-08-14 13:02:10,,,,,
318,DAOS-1228,,2018-08-14 15:49:19,,,,,
319,DAOS-1229,,2018-08-14 16:37:27,,,,,
320,DAOS-123,,2016-07-28 07:04:50,,,,,
321,DAOS-1231,,2018-08-14 16:39:35,,,,,
322,DAOS-1236,,2018-08-15 11:57:11,,,,,
323,DAOS-1237,,2018-08-16 15:42:51,,,,,
324,DAOS-1239,,2018-08-20 02:59:26,,,,,
325,DAOS-124,,2016-07-28 07:11:23,,,,,
326,DAOS-1246,,2018-08-20 21:54:25,,,,,
327,DAOS-1247,,2018-11-22 05:01:55,,,,,
328,DAOS-1248,,2018-10-31 08:33:37,,,,,
329,DAOS-1249,,2018-10-31 08:33:13,,,,,
330,DAOS-125,,2016-07-28 07:15:18,,,,,
331,DAOS-1250,,2018-08-21 08:44:55,,,,,
332,DAOS-1258,,2018-08-23 15:05:06,,,,,
333,DAOS-1259,,2018-08-23 15:31:20,,,,,
334,DAOS-126,,2016-07-28 07:16:55,,,,,
335,DAOS-1260,,2018-08-30 12:48:42,,,,,
336,DAOS-1261,,2018-08-31 09:03:01,,,,,
337,DAOS-1262,,2018-09-27 10:57:54,,,,,
338,DAOS-1263,,2018-10-01 07:35:28,,,,,
339,DAOS-1264,,2018-11-06 16:12:06,,,,,
340,DAOS-1266,,2018-12-26 09:39:09,,,,,
341,DAOS-1267,,2018-12-26 09:50:02,,,,,
342,DAOS-1268,,2019-07-29 16:28:05,,,,,
343,DAOS-127,,2016-07-28 07:18:51,,,,,
344,DAOS-1277,,2018-08-28 16:57:42,,,,,
345,DAOS-128,,2016-07-28 13:23:45,,,,,
346,DAOS-1280,,2018-08-28 07:29:30,,,,,
347,DAOS-1287,,2018-08-30 12:58:32,,,,,
348,DAOS-1297,,2018-08-28 07:25:49,,,,,
349,DAOS-1298,,2018-08-28 07:30:28,,,,,
350,DAOS-1299,,2018-08-28 07:30:22,,,,,
351,DAOS-13,,2016-04-06 03:21:10,,,,,
352,DAOS-130,,2016-08-04 14:10:31,,,,,
353,DAOS-1300,,2018-08-28 07:36:52,,,,,
354,DAOS-1301,,2018-08-28 07:44:29,,,,,
355,DAOS-1302,,2018-08-28 07:45:59,,,,,
356,DAOS-1303,,2018-08-28 08:42:12,,,,,
357,DAOS-1304,,2018-08-28 16:53:18,,,,,
358,DAOS-1308,,2018-08-28 14:10:17,,,,,
359,DAOS-1309,,2018-08-28 16:58:13,,,,,
360,DAOS-1311,,2018-08-29 11:51:53,,,,,
361,DAOS-1312,,2018-08-29 11:57:23,,,,,
362,DAOS-1313,,2018-08-29 11:58:34,,,,,
363,DAOS-1315,,2018-09-11 07:28:39,,,,,
364,DAOS-1316,,2018-09-11 07:28:42,,,,,
365,DAOS-1317,,2019-07-29 16:31:11,,,,,
366,DAOS-1320,,2018-09-25 16:46:24,,,,,
367,DAOS-1326,,2018-09-05 09:20:31,,,,,
368,DAOS-1328,,2018-09-25 16:01:09,,,,,
369,DAOS-1329,,2018-10-09 15:00:58,,,,,
370,DAOS-133,,2016-09-05 00:50:08,,,,,
371,DAOS-1331,,2018-09-06 08:13:29,,,,,
372,DAOS-1338,,2019-08-05 14:47:37,,,,,
373,DAOS-1339,,2019-08-05 14:35:53,,,,,
374,DAOS-134,,2016-09-05 00:55:22,,,,,
375,DAOS-1342,,2019-07-29 16:31:32,,,,,
376,DAOS-1343,,2019-07-29 16:31:36,,,,,
377,DAOS-1344,,2018-09-11 16:44:41,,,,,
378,DAOS-1346,,2019-07-29 16:31:41,,,,,
379,DAOS-135,,2016-09-05 00:56:30,,,,,
380,DAOS-1354,,2018-09-09 10:29:54,,,,,
381,DAOS-1355,,2018-09-10 08:51:03,,,,,
382,DAOS-136,,2016-09-05 01:03:24,,,,,
383,DAOS-1361,,2018-09-11 16:11:49,,,,,
384,DAOS-1363,,2018-09-11 07:14:28,,,,,
385,DAOS-1364,,2018-09-11 07:21:55,,,,,
386,DAOS-1365,,2018-09-11 07:25:00,,,,,
387,DAOS-1366,,2018-09-11 07:26:41,,,,,
388,DAOS-1367,,2018-09-11 07:27:19,,,,,
389,DAOS-1368,,2018-09-11 07:56:12,,,,,
390,DAOS-1369,,2018-09-11 09:38:35,,,,,
391,DAOS-1372,,2018-09-11 16:51:13,,,,,
392,DAOS-1376,,2018-09-11 16:50:25,,,,,
393,DAOS-1377,,2018-09-11 16:50:25,,,,,
394,DAOS-138,,2016-09-05 01:11:46,,,,,
395,DAOS-139,,2016-09-05 01:13:30,,,,,
396,DAOS-1397,,2018-09-11 15:12:28,,,,,
397,DAOS-140,,2016-09-05 01:14:12,,,,,
398,DAOS-1403,,2018-09-11 16:50:25,,,,,
399,DAOS-1404,,2018-09-11 16:46:50,,,,,
400,DAOS-1405,,2018-09-11 16:46:54,,,,,
401,DAOS-1406,,2018-09-11 15:59:13,,,,,
402,DAOS-1407,,2018-09-11 16:11:14,,,,,
403,DAOS-1408,,2018-09-11 16:54:27,,,,,
404,DAOS-1409,,2018-09-12 05:03:32,,,,,
405,DAOS-1410,,2018-09-12 08:17:09,,,,,
406,DAOS-1416,,2018-09-12 12:13:07,,,,,
407,DAOS-1419,,2018-09-12 12:21:44,,,,,
408,DAOS-142,,2016-09-14 16:47:01,,,,,
409,DAOS-1423,,2018-11-27 14:49:17,,,,,
410,DAOS-1426,,2018-09-26 12:39:03,,,,,
411,DAOS-1427,,2018-11-08 11:30:05,,,,,
412,DAOS-1433,,2018-09-14 09:03:00,,,,,
413,DAOS-1435,,2018-09-21 07:33:27,,,,,
414,DAOS-1436,,2018-10-18 06:51:37,,,,,
415,DAOS-1437,,2018-10-18 06:50:17,,,,,
416,DAOS-1438,,2018-09-24 11:41:55,,,,,
417,DAOS-1441,,2020-01-22 10:52:54,,,,,
418,DAOS-1443,,2018-09-19 10:30:02,,,,,
419,DAOS-1447,,2018-09-20 08:42:44,,,,,
420,DAOS-1453,,2018-09-21 07:32:56,,,,,
421,DAOS-1455,,2018-09-25 07:27:20,,,,,
422,DAOS-1458,,2018-10-09 07:25:07,,,,,
423,DAOS-1459,,2018-09-25 07:28:08,,,,,
424,DAOS-1460,,2018-09-25 07:27:26,,,,,
425,DAOS-1461,,2018-09-25 16:01:52,,,,,
426,DAOS-1463,,2018-09-25 07:27:14,,,,,
427,DAOS-1465,,2018-11-05 15:22:36,,,,,
428,DAOS-1467,,2018-09-25 16:43:13,,,,,
429,DAOS-1468,,2018-10-02 11:12:41,,,,,
430,DAOS-1469,,2018-10-04 12:50:20,,,,,
431,DAOS-147,,2016-10-11 04:09:31,,,,,
432,DAOS-1470,,2018-10-09 16:31:34,,,,,
433,DAOS-1471,,2018-09-25 07:20:21,,,,,
434,DAOS-1472,,2018-09-25 00:19:43,,,,,
435,DAOS-1473,,2018-09-25 07:20:21,,,,,
436,DAOS-1474,,2018-09-25 07:25:16,,,,,
437,DAOS-1475,,2018-09-25 07:29:29,,,,,
438,DAOS-1476,,2018-09-25 16:34:39,,,,,
439,DAOS-1483,,2018-09-25 16:43:00,,,,,
440,DAOS-1489,,2018-09-25 15:50:21,,,,,
441,DAOS-149,,2016-10-11 02:33:56,,,,,
442,DAOS-1492,DAOS-1492,2020-01-22 10:57:29,2022-03-10 08:11:59,,This issue implements SRS-223,Link,0.0
443,DAOS-1493,,2018-09-25 16:36:56,,,,,
444,DAOS-1494,,2018-09-25 16:48:29,,,,,
445,DAOS-1495,,2018-09-26 07:29:34,,,,,
446,DAOS-1496,,2018-09-26 14:02:27,,,,,
447,DAOS-1498,,2018-11-20 12:35:04,,,,,
448,DAOS-1499,,2018-09-26 12:37:11,,,,,
449,DAOS-15,,2016-04-06 03:29:15,,,,,
450,DAOS-150,,2016-10-11 02:37:41,,,,,
451,DAOS-1500,,2018-09-26 12:37:24,,,,,
452,DAOS-1505,,2018-10-09 07:06:03,,,,,
453,DAOS-1507,DAOS-1507,2019-11-14 09:49:38,2022-03-10 07:47:57,,This issue verifies SRS-168,Link,0.0
454,DAOS-1508,DAOS-1508,2019-12-06 11:12:59,2022-03-10 07:52:21,,This issue verifies SRS-177,Link,0.0
455,DAOS-1512,,2018-12-04 09:15:06,,,,,
456,DAOS-1515,,2019-08-06 14:39:48,,,,,
457,DAOS-1521,,2020-01-22 10:57:21,,,,,
458,DAOS-1525,,2020-01-22 10:52:28,,,,,
459,DAOS-1528,,2019-12-03 10:56:13,,,,,
460,DAOS-153,,2016-10-11 02:43:45,,,,,
461,DAOS-1531,,2018-10-01 10:26:21,,,,,
462,DAOS-1534,,2018-10-01 14:31:26,,,,,
463,DAOS-1535,,2018-10-01 14:32:52,,,,,
464,DAOS-1536,,2018-10-02 07:23:20,,,,,
465,DAOS-1538,,2018-10-03 11:48:03,,,,,
466,DAOS-154,,2016-10-11 02:49:21,,,,,
467,DAOS-1540,,2019-07-29 16:27:12,,,,,
468,DAOS-1545,,2018-10-09 07:25:13,,,,,
469,DAOS-1547,,2018-10-08 19:53:15,,,,,
470,DAOS-1548,,2018-10-09 00:51:48,,,,,
471,DAOS-155,,2016-10-11 04:11:29,,,,,
472,DAOS-1550,,2018-10-09 07:28:16,,,,,
473,DAOS-1551,,2018-10-09 16:31:54,,,,,
474,DAOS-1552,,2018-10-09 07:18:44,,,,,
475,DAOS-1553,,2018-10-09 07:19:01,,,,,
476,DAOS-1554,,2018-10-09 07:21:04,,,,,
477,DAOS-1555,,2018-10-09 07:23:58,,,,,
478,DAOS-156,,2016-10-11 04:23:13,,,,,
479,DAOS-1560,,2018-11-06 07:21:54,,,,,
480,DAOS-1569,,2018-10-15 05:14:11,,,,,
481,DAOS-157,,2016-10-11 04:26:24,,,,,
482,DAOS-1571,,2018-10-16 10:16:08,,,,,
483,DAOS-1572,,2018-10-18 06:50:52,,,,,
484,DAOS-1573,,2018-10-18 05:52:34,,,,,
485,DAOS-1576,,2018-10-17 13:28:14,,,,,
486,DAOS-1579,,2018-10-18 05:51:02,,,,,
487,DAOS-158,,2016-10-11 04:38:09,,,,,
488,DAOS-1581,,2018-10-18 11:03:30,,,,,
489,DAOS-1586,,2018-10-23 04:21:28,,,,,
490,DAOS-1591,,2020-01-22 10:52:41,,,,,
491,DAOS-16,,2016-04-06 04:36:40,,,,,
492,DAOS-1600,,2018-11-02 17:27:56,,,,,
493,DAOS-1601,,2018-11-06 12:38:23,,,,,
494,DAOS-1604,,2018-12-18 12:39:49,,,,,
495,DAOS-1608,,2018-10-22 22:13:57,,,,,
496,DAOS-1610,,2018-10-23 16:14:57,,,,,
497,DAOS-1611,,2018-10-23 07:28:35,,,,,
498,DAOS-1612,,2018-10-23 07:09:30,,,,,
499,DAOS-1613,,2018-10-23 07:20:39,,,,,
500,DAOS-1614,,2018-10-23 07:24:54,,,,,
501,DAOS-1615,,2018-10-23 07:26:59,,,,,
502,DAOS-1616,,2018-10-23 07:27:32,,,,,
503,DAOS-1617,,2018-10-23 07:28:10,,,,,
504,DAOS-1618,,2018-10-23 07:30:50,,,,,
505,DAOS-1622,,2018-10-23 15:00:57,,,,,
506,DAOS-1623,,2018-10-23 15:00:54,,,,,
507,DAOS-1627,,2018-10-23 15:45:12,,,,,
508,DAOS-163,,2016-10-13 00:45:49,,,,,
509,DAOS-1631,,2018-10-23 16:23:37,,,,,
510,DAOS-1636,,2018-10-23 16:20:23,,,,,
511,DAOS-1637,,2018-10-23 16:20:29,,,,,
512,DAOS-1639,,2018-11-06 16:30:04,,,,,
513,DAOS-164,,2016-10-13 00:47:14,,,,,
514,DAOS-165,,2016-10-13 00:50:08,,,,,
515,DAOS-1651,,2018-10-26 14:26:17,,,,,
516,DAOS-1657,,2018-11-02 10:21:33,,,,,
517,DAOS-1658,,2018-11-30 08:57:38,,,,,
518,DAOS-1659,,2018-12-18 14:55:23,,,,,
519,DAOS-166,,2016-10-13 00:51:48,,,,,
520,DAOS-1662,,2018-11-02 10:21:52,,,,,
521,DAOS-1665,,2018-11-22 05:01:02,,,,,
522,DAOS-1666,,2018-11-22 05:01:20,,,,,
523,DAOS-1667,,2018-10-31 08:51:57,,,,,
524,DAOS-1679,,2018-11-22 04:45:30,,,,,
525,DAOS-1682,,2018-11-27 15:07:56,,,,,
526,DAOS-1688,,2019-09-13 15:15:47,,,,,
527,DAOS-1694,,2020-01-22 10:57:14,,,,,
528,DAOS-1695,,2018-11-12 09:36:35,,,,,
529,DAOS-1700,,2019-07-29 16:33:04,,,,,
530,DAOS-1701,,2018-11-02 12:47:31,,,,,
531,DAOS-1706,,2018-11-02 13:32:07,,,,,
532,DAOS-1708,,2018-11-02 14:23:48,,,,,
533,DAOS-1715,,2018-12-04 15:56:52,,,,,
534,DAOS-1719,,2018-11-06 16:14:30,,,,,
535,DAOS-1723,,2018-11-06 16:15:14,,,,,
536,DAOS-1724,,2018-11-06 06:18:28,,,,,
537,DAOS-1725,,2018-11-06 06:22:23,,,,,
538,DAOS-1726,,2018-11-06 07:23:17,,,,,
539,DAOS-1727,,2018-11-06 07:25:19,,,,,
540,DAOS-1729,,2018-11-06 07:26:15,,,,,
541,DAOS-173,,2016-10-13 01:54:32,,,,,
542,DAOS-1730,,2018-11-06 07:27:49,,,,,
543,DAOS-1731,,2018-11-06 07:31:12,,,,,
544,DAOS-1734,,2018-11-06 16:19:51,,,,,
545,DAOS-1735,,2018-11-06 14:07:45,,,,,
546,DAOS-1736,,2018-11-06 14:07:38,,,,,
547,DAOS-1737,,2018-12-19 12:52:35,,,,,
548,DAOS-1738,,2018-11-06 14:10:09,,,,,
549,DAOS-1739,,2018-11-06 16:04:43,,,,,
550,DAOS-174,,2016-10-13 02:01:41,,,,,
551,DAOS-1742,,2018-11-06 14:58:49,,,,,
552,DAOS-1747,,2018-11-07 13:27:19,,,,,
553,DAOS-1754,DAOS-1754,2020-01-22 10:52:52,2022-03-10 07:47:36,,This issue implements SRS-168,Link,0.0
554,DAOS-1758,,2018-11-09 07:42:49,,,,,
555,DAOS-1760,,2018-11-20 07:19:16,,,,,
556,DAOS-1764,,2018-11-08 11:31:19,,,,,
557,DAOS-1765,,2018-11-20 12:56:40,,,,,
558,DAOS-1769,,2018-11-09 07:04:17,,,,,
559,DAOS-1775,,2018-11-27 16:47:00,,,,,
560,DAOS-1776,,2020-01-22 10:57:32,,,,,
561,DAOS-1782,,2018-11-21 09:03:31,,,,,
562,DAOS-1788,,2018-11-13 05:12:29,,,,,
563,DAOS-1793,,2018-11-13 09:44:32,,,,,
564,DAOS-1794,,2018-11-16 10:36:27,,,,,
565,DAOS-1795,,2018-11-13 15:32:14,,,,,
566,DAOS-1802,,2018-11-14 13:42:29,,,,,
567,DAOS-1818,,2018-11-19 01:20:48,,,,,
568,DAOS-1819,,2018-12-04 07:18:46,,,,,
569,DAOS-1820,,2018-11-20 07:21:52,,,,,
570,DAOS-1821,,2018-11-19 15:57:47,,,,,
571,DAOS-1823,,2018-11-20 07:17:50,,,,,
572,DAOS-1829,DAOS-1829,2018-11-20 12:59:50,2022-03-10 07:41:44,,This issue implements SRS-163,Link,0.0
573,DAOS-183,,2016-12-12 12:47:02,,,,,
574,DAOS-1831,,2018-11-20 14:36:10,,,,,
575,DAOS-1832,,2018-11-20 14:38:57,,,,,
576,DAOS-1833,,2018-11-20 14:38:00,,,,,
577,DAOS-1834,,2018-12-17 13:02:22,,,,,
578,DAOS-1835,,2018-12-03 16:27:39,,,,,
579,DAOS-1836,,2018-12-03 16:27:44,,,,,
580,DAOS-1837,,2018-12-17 13:02:18,,,,,
581,DAOS-1839,,2018-12-17 13:02:25,,,,,
582,DAOS-1840,,2018-11-20 14:48:44,,,,,
583,DAOS-1841,,2018-11-20 14:48:39,,,,,
584,DAOS-1842,,2018-11-20 15:01:23,,,,,
585,DAOS-1843,,2018-12-04 07:05:20,,,,,
586,DAOS-1849,,2018-11-26 12:08:40,,,,,
587,DAOS-1853,,2018-12-03 16:28:16,,,,,
588,DAOS-1857,,2018-11-29 01:43:57,,,,,
589,DAOS-1858,,2018-11-27 16:18:14,,,,,
590,DAOS-1862,,2018-12-11 10:05:23,,,,,
591,DAOS-1864,,2020-01-22 10:57:09,,,,,
592,DAOS-1865,,2020-01-22 10:57:37,,,,,
593,DAOS-1875,,2018-11-29 13:18:23,,,,,
594,DAOS-1878,,2018-11-30 12:04:41,,,,,
595,DAOS-1881,,2018-12-02 05:56:57,,,,,
596,DAOS-1891,,2019-07-30 15:00:07,,,,,
597,DAOS-1893,,2018-12-18 07:10:12,,,,,
598,DAOS-1895,,2018-12-03 16:35:45,,,,,
599,DAOS-1896,,2018-12-03 16:36:17,,,,,
600,DAOS-1897,,2018-12-03 16:36:37,,,,,
601,DAOS-1898,,2018-12-04 07:17:19,,,,,
602,DAOS-1899,,2018-12-04 07:14:19,,,,,
603,DAOS-1901,,2018-12-04 07:19:12,,,,,
604,DAOS-1902,,2018-12-04 08:13:13,,,,,
605,DAOS-1903,,2018-12-04 13:42:41,,,,,
606,DAOS-1906,,2018-12-04 10:27:46,,,,,
607,DAOS-1908,,2018-12-05 10:02:35,,,,,
608,DAOS-1913,,2018-12-07 10:35:39,,,,,
609,DAOS-1921,,2018-12-11 15:41:18,,,,,
610,DAOS-1922,,2018-12-11 15:41:21,,,,,
611,DAOS-1933,,2018-12-18 08:46:17,,,,,
612,DAOS-1937,,2018-12-18 08:43:54,,,,,
613,DAOS-1939,,2018-12-20 04:30:00,,,,,
614,DAOS-1940,,2018-12-18 09:24:09,,,,,
615,DAOS-1945,,2020-01-22 10:52:54,,,,,
616,DAOS-1948,,2018-12-17 13:06:58,,,,,
617,DAOS-1950,,2018-12-18 07:17:45,,,,,
618,DAOS-1951,,2018-12-18 07:20:24,,,,,
619,DAOS-1952,,2018-12-18 07:20:16,,,,,
620,DAOS-1953,,2018-12-18 16:19:53,,,,,
621,DAOS-1954,,2018-12-18 07:17:33,,,,,
622,DAOS-1955,,2018-12-18 07:22:44,,,,,
623,DAOS-1959,,2018-12-18 09:26:28,,,,,
624,DAOS-1962,,2018-12-18 15:36:38,,,,,
625,DAOS-1964,,2018-12-18 16:21:08,,,,,
626,DAOS-1967,,2019-01-08 18:52:23,,,,,
627,DAOS-1969,,2018-12-20 04:25:55,,,,,
628,DAOS-1972,,2018-12-20 14:27:39,,,,,
629,DAOS-1981,,2018-12-21 10:11:55,,,,,
630,DAOS-1986,,2018-12-31 08:59:35,,,,,
631,DAOS-1992,,2019-01-08 07:29:39,,,,,
632,DAOS-1993,,2019-01-08 07:29:34,,,,,
633,DAOS-1994,,2019-01-08 11:38:20,,,,,
634,DAOS-1995,,2019-01-08 13:40:38,,,,,
635,DAOS-1999,,2019-01-10 06:21:37,,,,,
636,DAOS-2,,2016-04-06 02:31:57,,,,,
637,DAOS-2020,,2019-02-05 07:55:55,,,,,
638,DAOS-2023,,2020-01-22 10:57:47,,,,,
639,DAOS-2031,DAOS-2031,2019-01-16 23:38:56,2022-01-04 12:20:33,,This issue is related to  DAOS-9515,Link,0.0
640,DAOS-2058,,2019-09-23 11:25:26,,,,,
641,DAOS-2065,,2019-02-05 07:51:34,,,,,
642,DAOS-2066,,2019-02-05 07:55:34,,,,,
643,DAOS-2085,,2019-09-19 05:47:02,,,,,
644,DAOS-2087,,2019-08-05 15:55:48,,,,,
645,DAOS-2097,,2019-02-05 08:04:04,,,,,
646,DAOS-2098,,2019-02-05 08:07:17,,,,,
647,DAOS-21,,2016-04-06 04:45:03,,,,,
648,DAOS-2101,,2020-01-22 10:57:27,,,,,
649,DAOS-2120,,2019-08-07 15:05:03,,,,,
650,DAOS-2122,,2020-01-22 10:57:49,,,,,
651,DAOS-2134,,2020-01-22 10:57:36,,,,,
652,DAOS-214,,2016-12-12 11:03:40,,,,,
653,DAOS-2148,,2020-01-22 10:57:42,,,,,
654,DAOS-2149,,2020-01-22 10:57:11,,,,,
655,DAOS-215,,2016-12-12 12:47:30,,,,,
656,DAOS-2150,,2020-01-22 10:57:36,,,,,
657,DAOS-2151,,2020-01-22 10:57:08,,,,,
658,DAOS-216,,2016-12-12 05:26:28,,,,,
659,DAOS-2165,,2019-07-30 15:01:22,,,,,
660,DAOS-217,,2016-12-12 12:53:03,,,,,
661,DAOS-2203,,2019-03-13 22:16:32,,,,,
662,DAOS-2205,,2020-01-22 10:52:35,,,,,
663,DAOS-2210,,2019-09-23 11:39:26,,,,,
664,DAOS-2215,,2019-07-29 16:27:39,,,,,
665,DAOS-222,,2016-12-16 01:54:24,,,,,
666,DAOS-224,,2016-12-16 01:56:27,,,,,
667,DAOS-2240,,2019-08-06 14:51:11,,,,,
668,DAOS-2256,,2019-08-05 10:48:17,,,,,
669,DAOS-2257,,2019-12-06 11:36:18,,,,,
670,DAOS-226,,2016-12-16 02:01:19,,,,,
671,DAOS-2260,,2019-08-05 10:53:50,,,,,
672,DAOS-2262,,2020-01-22 10:52:38,,,,,
673,DAOS-2264,DAOS-2264,2020-01-22 10:52:32,2022-03-10 07:56:26,,This issue implements SRS-193,Link,0.0
674,DAOS-2265,,2020-01-22 10:52:49,,,,,
675,DAOS-2273,DAOS-2273,2019-09-23 11:25:26,2022-03-10 08:38:50,,This issue implements SRS-314,Link,0.0
676,DAOS-2273,DAOS-2273,2019-09-23 11:25:26,2022-03-10 08:38:20,,This issue implements SRS-313,Link,0.0
677,DAOS-2273,DAOS-2273,2019-09-23 11:25:26,2022-03-10 08:37:49,,This issue implements SRS-312,Link,0.0
678,DAOS-2273,DAOS-2273,2019-09-23 11:25:26,2022-03-10 08:37:20,,This issue implements SRS-311,Link,0.0
679,DAOS-2273,DAOS-2273,2019-09-23 11:25:26,2022-03-10 08:36:49,,This issue implements SRS-310,Link,0.0
680,DAOS-2273,DAOS-2273,2019-09-23 11:25:26,2022-03-10 08:36:22,,This issue implements SRS-309,Link,0.0
681,DAOS-2273,DAOS-2273,2019-09-23 11:25:26,2022-03-10 08:35:51,,This issue implements SRS-308,Link,0.0
682,DAOS-2282,DAOS-2282,2020-01-22 10:52:53,2022-03-10 08:23:13,,This issue implements SRS-246,Link,0.0
683,DAOS-2282,DAOS-2282,2020-01-22 10:52:53,2022-03-10 08:21:49,,This issue implements SRS-243,Link,0.0
684,DAOS-2282,DAOS-2282,2020-01-22 10:52:53,2022-03-10 08:21:16,,This issue implements SRS-242,Link,0.0
685,DAOS-2283,DAOS-2283,2019-09-23 11:39:25,2022-03-10 08:16:48,,This issue implements SRS-233,Link,0.0
686,DAOS-229,,2017-01-19 07:07:52,,,,,
687,DAOS-2295,,2019-04-12 09:08:17,,,,,
688,DAOS-2298,,2020-01-22 10:57:51,,,,,
689,DAOS-23,,2016-04-06 04:50:33,,,,,
690,DAOS-2331,,2020-01-22 10:52:36,,,,,
691,DAOS-2332,,2020-01-22 10:52:27,,,,,
692,DAOS-2340,,2020-01-22 10:57:07,,,,,
693,DAOS-2346,,2019-07-30 15:01:26,,,,,
694,DAOS-2348,,2020-01-22 10:52:40,,,,,
695,DAOS-2354,DAOS-2354,2020-01-22 10:52:29,2022-03-10 08:09:33,,This issue implements SRS-220,Link,0.0
696,DAOS-2373,,2019-07-30 15:08:31,,,,,
697,DAOS-2374,,2019-07-30 14:59:55,,,,,
698,DAOS-2376,,2019-07-30 15:00:00,,,,,
699,DAOS-2377,,2019-07-30 15:01:31,,,,,
700,DAOS-2383,,2019-05-03 04:51:31,,,,,
701,DAOS-2392,,2019-07-30 15:01:48,,,,,
702,DAOS-2394,,2020-01-22 10:57:39,,,,,
703,DAOS-2401,,2019-07-30 15:01:52,,,,,
704,DAOS-2421,,2020-01-22 10:57:11,,,,,
705,DAOS-2429,,2020-01-22 10:52:49,,,,,
706,DAOS-2432,,2019-09-23 11:25:26,,,,,
707,DAOS-2458,,2020-01-22 10:52:45,,,,,
708,DAOS-2473,,2019-07-30 15:02:01,,,,,
709,DAOS-2476,,2020-01-22 10:57:26,,,,,
710,DAOS-2478,,2020-01-22 10:52:30,,,,,
711,DAOS-2479,,2019-07-30 15:00:13,,,,,
712,DAOS-2485,,2019-07-30 15:00:59,,,,,
713,DAOS-2488,,2020-01-22 10:57:45,,,,,
714,DAOS-2490,,2019-12-10 14:10:00,,,,,
715,DAOS-2491,,2019-09-25 12:34:12,,,,,
716,DAOS-2493,DAOS-2493,2019-07-30 15:05:15,2022-03-10 08:14:36,,This issue verifies SRS-228,Link,0.0
717,DAOS-2494,,2019-07-30 15:05:20,,,,,
718,DAOS-2495,,2019-09-25 11:58:21,,,,,
719,DAOS-2496,DAOS-2496,2019-08-05 15:54:00,2022-03-10 08:16:01,,This issue verifies SRS-231,Link,0.0
720,DAOS-2496,DAOS-2496,2019-08-05 15:54:00,2022-03-10 08:14:36,,This issue verifies SRS-228,Link,0.0
721,DAOS-2509,,2019-09-25 12:50:30,,,,,
722,DAOS-2511,,2019-07-30 15:05:29,,,,,
723,DAOS-2512,,2019-08-05 11:04:13,,,,,
724,DAOS-2514,DAOS-2514,2019-09-23 11:39:26,2022-03-10 07:47:57,,This issue verifies SRS-168,Link,0.0
725,DAOS-2516,,2020-01-22 10:52:32,,,,,
726,DAOS-2526,,2020-01-22 10:57:20,,,,,
727,DAOS-2529,DAOS-2529,2019-09-23 11:25:27,2022-03-10 08:00:54,,This issue implements SRS-203,Link,0.0
728,DAOS-2529,DAOS-2529,2019-09-23 11:25:27,2022-03-04 10:52:35,,This issue implements SRS-47,Link,0.0
729,DAOS-2536,,2020-01-22 10:57:31,,,,,
730,DAOS-2537,,2019-08-07 14:08:09,,,,,
731,DAOS-2539,DAOS-2539,2019-07-30 15:05:34,2022-03-10 07:55:10,,This issue implements SRS-182,Link,0.0
732,DAOS-2539,DAOS-2539,2019-07-30 15:05:34,2022-03-10 07:54:35,,This issue implements SRS-181,Link,0.0
733,DAOS-2552,,2019-08-06 14:53:13,,,,,
734,DAOS-2559,,2020-01-22 10:52:57,,,,,
735,DAOS-2566,,2019-07-30 15:06:20,,,,,
736,DAOS-2568,,2019-07-30 15:07:53,,,,,
737,DAOS-2572,,2019-07-30 15:08:13,,,,,
738,DAOS-2574,,2019-07-30 15:08:27,,,,,
739,DAOS-2588,,2019-08-07 13:59:05,,,,,
740,DAOS-2589,,2019-08-07 14:01:41,,,,,
741,DAOS-2590,,2019-08-07 14:05:03,,,,,
742,DAOS-2591,,2019-08-07 14:06:49,,,,,
743,DAOS-2592,,2019-08-07 14:12:44,,,,,
744,DAOS-2593,,2019-08-07 14:20:21,,,,,
745,DAOS-2594,,2019-08-07 14:20:21,,,,,
746,DAOS-2595,,2019-08-07 14:20:21,,,,,
747,DAOS-2596,,2020-01-22 10:57:02,,,,,
748,DAOS-2597,,2019-08-07 14:20:21,,,,,
749,DAOS-2598,,2019-08-07 14:20:21,,,,,
750,DAOS-2599,,2019-08-07 14:20:21,,,,,
751,DAOS-2600,,2019-08-07 14:20:21,,,,,
752,DAOS-2601,,2019-08-07 14:20:21,,,,,
753,DAOS-2602,,2019-08-07 13:59:38,,,,,
754,DAOS-2603,,2020-01-22 10:57:30,,,,,
755,DAOS-2604,,2019-08-07 14:20:21,,,,,
756,DAOS-2605,,2019-08-07 14:20:21,,,,,
757,DAOS-2606,,2019-08-07 14:19:22,,,,,
758,DAOS-2607,,2019-08-07 14:19:22,,,,,
759,DAOS-2608,,2019-08-07 14:19:22,,,,,
760,DAOS-2610,,2019-08-07 14:19:23,,,,,
761,DAOS-2611,,2019-08-07 14:14:01,,,,,
762,DAOS-2613,,2020-01-22 10:52:59,,,,,
763,DAOS-2614,,2019-08-07 14:17:41,,,,,
764,DAOS-2615,,2019-08-07 14:17:09,,,,,
765,DAOS-2616,,2020-01-22 10:57:36,,,,,
766,DAOS-2617,,2020-01-22 10:57:25,,,,,
767,DAOS-2618,,2020-01-22 10:57:33,,,,,
768,DAOS-2640,,2019-05-31 16:01:11,,,,,
769,DAOS-2649,,2019-08-05 15:41:47,,,,,
770,DAOS-2650,,2019-08-05 15:37:56,,,,,
771,DAOS-2654,,2020-01-22 10:57:27,,,,,
772,DAOS-2660,,2020-01-22 10:57:09,,,,,
773,DAOS-2691,,2019-09-23 11:25:27,,,,,
774,DAOS-2696,,2020-01-22 10:52:28,,,,,
775,DAOS-2706,,2020-01-22 10:57:25,,,,,
776,DAOS-2714,,2019-07-30 15:08:35,,,,,
777,DAOS-2732,,2019-07-30 15:08:40,,,,,
778,DAOS-2740,,2019-07-30 15:08:48,,,,,
779,DAOS-2748,,2019-06-27 15:08:52,,,,,
780,DAOS-2753,,2019-09-23 11:25:27,,,,,
781,DAOS-2756,,2019-06-29 11:04:00,,,,,
782,DAOS-2757,,2019-06-29 11:10:44,,,,,
783,DAOS-2758,,2020-01-22 10:52:44,,,,,
784,DAOS-2760,,2019-08-05 11:15:34,,,,,
785,DAOS-2786,,2019-07-30 15:08:52,,,,,
786,DAOS-2792,,2019-08-07 14:30:55,,,,,
787,DAOS-2810,,2020-01-22 10:57:15,,,,,
788,DAOS-2811,,2020-01-22 10:57:17,,,,,
789,DAOS-2812,,2020-01-22 10:57:04,,,,,
790,DAOS-2813,,2020-01-22 10:57:26,,,,,
791,DAOS-2814,,2020-01-22 10:57:32,,,,,
792,DAOS-2815,,2020-01-22 10:57:24,,,,,
793,DAOS-2816,,2020-01-22 10:57:39,,,,,
794,DAOS-2822,,2019-09-23 10:40:48,,,,,
795,DAOS-2831,DAOS-2831,2020-01-22 10:57:25,2022-03-10 08:09:33,,This issue implements SRS-220,Link,0.0
796,DAOS-2834,DAOS-2834,2020-01-22 10:52:31,2022-03-10 08:09:33,,This issue implements SRS-220,Link,0.0
797,DAOS-2835,,2020-10-22 10:35:03,,,,,
798,DAOS-2837,DAOS-2837,2020-01-22 10:52:45,2022-03-10 08:09:33,,This issue implements SRS-220,Link,0.0
799,DAOS-2847,,2020-01-22 10:57:31,,,,,
800,DAOS-2853,,2020-01-22 10:52:31,,,,,
801,DAOS-2859,,2020-01-22 10:52:31,,,,,
802,DAOS-2869,DAOS-2869,2019-09-23 11:39:26,2022-03-10 07:48:24,,This issue implements SRS-169,Link,0.0
803,DAOS-2874,,2019-07-30 15:01:43,,,,,
804,DAOS-2881,DAOS-2881,2019-09-23 11:39:26,2022-03-10 08:33:39,,This issue implements SRS-286,Link,0.0
805,DAOS-2881,DAOS-2881,2019-09-23 11:39:26,2022-03-10 08:33:14,,This issue implements SRS-285,Link,0.0
806,DAOS-2881,DAOS-2881,2019-09-23 11:39:26,2022-03-10 08:27:53,,This issue implements SRS-272,Link,0.0
807,DAOS-2882,,2020-01-22 10:52:43,,,,,
808,DAOS-2883,,2019-09-23 11:25:27,,,,,
809,DAOS-2888,,2019-11-14 09:51:11,,,,,
810,DAOS-2889,,2019-11-14 09:52:38,,,,,
811,DAOS-2895,,2020-01-22 10:52:45,,,,,
812,DAOS-29,,2016-04-06 05:04:04,,,,,
813,DAOS-2900,,2020-01-22 10:57:45,,,,,
814,DAOS-2901,,2020-01-22 10:57:27,,,,,
815,DAOS-2906,,2019-08-07 14:51:27,,,,,
816,DAOS-2909,,2020-01-22 10:57:45,,,,,
817,DAOS-2912,,2020-01-22 10:57:24,,,,,
818,DAOS-2919,,2019-07-30 15:08:58,,,,,
819,DAOS-2927,,2019-07-30 15:09:03,,,,,
820,DAOS-2929,,2020-01-22 10:52:51,,,,,
821,DAOS-2930,DAOS-2930,2019-08-05 11:44:31,2022-03-10 07:58:01,,This issue verifies SRS-194,Link,0.0
822,DAOS-2931,,2019-09-13 10:17:10,,,,,
823,DAOS-2932,,2020-01-22 10:57:06,,,,,
824,DAOS-2933,,2019-09-13 10:16:30,,,,,
825,DAOS-2944,,2020-01-22 10:57:10,,,,,
826,DAOS-2945,,2019-09-13 10:22:40,,,,,
827,DAOS-2946,,2019-09-04 10:37:47,,,,,
828,DAOS-2947,,2020-01-22 10:57:37,,,,,
829,DAOS-2948,,2020-01-22 10:57:27,,,,,
830,DAOS-2950,,2019-11-13 11:26:12,,,,,
831,DAOS-2951,DAOS-2951,2019-12-03 15:30:31,2022-03-10 07:58:01,,This issue verifies SRS-194,Link,0.0
832,DAOS-2952,DAOS-2952,2019-11-13 11:24:04,2022-03-10 07:58:01,,This issue verifies SRS-194,Link,0.0
833,DAOS-2953,DAOS-2953,2019-11-13 11:22:58,2022-03-10 07:58:01,,This issue verifies SRS-194,Link,0.0
834,DAOS-2955,DAOS-2955,2019-12-03 15:43:06,2022-03-10 07:58:01,,This issue verifies SRS-194,Link,0.0
835,DAOS-2955,DAOS-2955,2019-12-03 15:43:06,2022-03-10 07:56:52,,This issue verifies SRS-193,Link,0.0
836,DAOS-2957,DAOS-2957,2019-12-03 15:34:24,2022-03-10 07:58:01,,This issue verifies SRS-194,Link,0.0
837,DAOS-2957,DAOS-2957,2019-12-03 15:34:24,2022-03-10 07:56:52,,This issue verifies SRS-193,Link,0.0
838,DAOS-2961,,2020-01-15 10:52:30,,,,,
839,DAOS-2962,,2020-01-15 10:50:55,,,,,
840,DAOS-2963,,2020-01-15 10:37:06,,,,,
841,DAOS-2970,,2020-01-22 10:52:44,,,,,
842,DAOS-2972,DAOS-2972,2019-12-03 11:46:51,2022-03-10 07:47:57,,This issue verifies SRS-168,Link,0.0
843,DAOS-2976,,2020-01-22 10:52:30,,,,,
844,DAOS-2983,,2020-01-22 10:57:47,,,,,
845,DAOS-2997,,2019-07-31 04:49:03,,,,,
846,DAOS-30,,2016-04-06 05:05:16,,,,,
847,DAOS-3000,,2020-01-22 10:57:44,,,,,
848,DAOS-3001,,2020-01-22 10:57:10,,,,,
849,DAOS-3002,,2020-01-22 10:57:16,,,,,
850,DAOS-3003,,2020-01-22 10:57:07,,,,,
851,DAOS-3004,,2020-01-22 10:57:53,,,,,
852,DAOS-3005,,2020-01-22 10:57:47,,,,,
853,DAOS-3006,,2020-01-22 10:57:03,,,,,
854,DAOS-3007,,2020-01-22 10:57:31,,,,,
855,DAOS-3022,,2020-01-22 10:52:46,,,,,
856,DAOS-3023,,2019-09-23 11:25:26,,,,,
857,DAOS-3026,,2019-09-23 10:41:02,,,,,
858,DAOS-3067,,2020-01-22 10:57:45,,,,,
859,DAOS-3068,,2020-01-22 10:57:09,,,,,
860,DAOS-3069,,2020-01-22 10:57:38,,,,,
861,DAOS-3072,,2020-01-22 10:52:34,,,,,
862,DAOS-3073,,2020-01-22 10:52:33,,,,,
863,DAOS-3083,,2020-01-22 10:52:35,,,,,
864,DAOS-3084,DAOS-3084,2020-01-22 10:52:31,2022-03-10 08:19:12,,This issue implements SRS-239,Link,0.0
865,DAOS-3084,DAOS-3084,2020-01-22 10:52:31,2022-03-10 08:18:05,,This issue implements SRS-236,Link,0.0
866,DAOS-3088,,2020-01-22 10:57:13,,,,,
867,DAOS-3090,,2020-01-22 10:57:31,,,,,
868,DAOS-3105,,2020-01-22 10:57:44,,,,,
869,DAOS-3106,,2019-09-23 11:25:27,,,,,
870,DAOS-3115,,2019-09-23 11:25:27,,,,,
871,DAOS-3119,,2019-11-13 11:39:02,,,,,
872,DAOS-3123,,2019-08-18 13:08:21,,,,,
873,DAOS-3127,,2020-01-22 10:57:28,,,,,
874,DAOS-3128,,2019-11-08 13:44:33,,,,,
875,DAOS-3132,,2019-10-04 13:50:20,,,,,
876,DAOS-3137,,2019-09-23 11:39:26,,,,,
877,DAOS-3148,,2019-09-23 11:39:26,,,,,
878,DAOS-3149,,2020-01-22 10:52:29,,,,,
879,DAOS-3150,,2020-01-22 10:52:56,,,,,
880,DAOS-3151,,2020-01-22 10:52:40,,,,,
881,DAOS-3175,,2020-01-22 10:52:47,,,,,
882,DAOS-3176,,2020-01-22 10:52:26,,,,,
883,DAOS-3177,,2020-01-22 10:52:39,,,,,
884,DAOS-3180,,2020-01-22 10:57:30,,,,,
885,DAOS-3184,,2019-11-13 14:51:48,,,,,
886,DAOS-3186,DAOS-3186,2019-09-23 11:25:26,2022-03-10 07:51:00,,This issue verifies SRS-174,Link,0.0
887,DAOS-3186,DAOS-3186,2019-09-23 11:25:26,2022-03-10 07:50:34,,This issue verifies SRS-173,Link,0.0
888,DAOS-3186,DAOS-3186,2019-09-23 11:25:26,2022-03-10 07:49:32,,This issue verifies SRS-171,Link,0.0
889,DAOS-3188,,2019-08-27 11:26:02,,,,,
890,DAOS-3190,,2019-09-25 11:51:28,,,,,
891,DAOS-3212,,2019-09-23 11:39:26,,,,,
892,DAOS-3214,,2020-01-22 10:52:35,,,,,
893,DAOS-3228,,2020-01-22 10:52:29,,,,,
894,DAOS-3229,,2020-01-22 10:57:39,,,,,
895,DAOS-3230,,2020-01-22 10:57:24,,,,,
896,DAOS-3231,,2020-01-22 10:52:56,,,,,
897,DAOS-3232,,2020-01-22 10:52:57,,,,,
898,DAOS-3233,DAOS-3233,2019-09-04 13:55:37,2022-03-10 08:15:42,,This issue verifies SRS-230,Link,0.0
899,DAOS-3237,,2020-01-22 10:57:38,,,,,
900,DAOS-3241,,2020-01-22 10:57:46,,,,,
901,DAOS-3242,,2020-01-22 10:57:11,,,,,
902,DAOS-3243,,2020-01-22 10:52:50,,,,,
903,DAOS-3244,,2019-09-23 11:39:26,,,,,
904,DAOS-3249,,2019-09-06 11:04:47,,,,,
905,DAOS-3251,,2019-10-01 08:44:26,,,,,
906,DAOS-3270,,2019-09-23 11:39:26,,,,,
907,DAOS-3273,,2020-01-22 10:57:18,,,,,
908,DAOS-3274,,2020-01-22 10:57:09,,,,,
909,DAOS-3275,,2019-09-23 11:39:26,,,,,
910,DAOS-3279,,2019-09-17 09:51:20,,,,,
911,DAOS-3283,,2020-01-22 10:57:26,,,,,
912,DAOS-3292,DAOS-3292,2019-09-23 11:39:26,2022-03-10 07:42:35,,This issue implements SRS-164,Link,0.0
913,DAOS-3300,,2020-01-22 10:52:42,,,,,
914,DAOS-3301,,2020-01-22 10:52:27,,,,,
915,DAOS-3304,,2019-09-19 14:50:27,,,,,
916,DAOS-3308,,2020-01-22 10:52:25,,,,,
917,DAOS-3312,,2020-01-22 10:52:40,,,,,
918,DAOS-3314,,2019-09-23 05:27:40,,,,,
919,DAOS-3315,DAOS-3315,2019-09-23 05:33:57,2022-03-10 07:53:00,,This issue implements SRS-179,Link,0.0
920,DAOS-3316,,2019-09-23 05:50:47,,,,,
921,DAOS-3317,,2019-09-23 05:55:04,,,,,
922,DAOS-3318,,2019-09-23 11:39:26,,,,,
923,DAOS-3323,DAOS-3323,2020-01-22 10:52:33,2022-03-10 08:14:10,,This issue verifies SRS-227,Link,0.0
924,DAOS-3324,DAOS-3324,2019-09-25 13:03:43,2022-03-10 08:13:35,,This issue verifies SRS-225,Link,0.0
925,DAOS-3325,DAOS-3325,2019-09-25 13:15:41,2022-03-10 08:13:35,,This issue verifies SRS-225,Link,0.0
926,DAOS-3326,DAOS-3326,2019-09-25 14:31:27,2022-03-10 07:43:29,,This issue verifies SRS-166,Link,0.0
927,DAOS-3326,DAOS-3326,2019-09-25 14:31:27,2022-03-10 07:42:01,,This issue verifies SRS-163,Link,0.0
928,DAOS-3328,,2020-01-22 10:57:08,,,,,
929,DAOS-3330,,2020-01-22 10:52:59,,,,,
930,DAOS-3332,,2019-09-26 12:50:45,,,,,
931,DAOS-3343,,2020-01-22 10:52:44,,,,,
932,DAOS-3347,,2019-10-01 08:30:28,,,,,
933,DAOS-3348,,2019-10-01 08:14:43,,,,,
934,DAOS-3350,,2019-10-01 08:29:44,,,,,
935,DAOS-3351,,2019-10-01 08:40:27,,,,,
936,DAOS-3352,,2019-10-01 08:46:13,,,,,
937,DAOS-3356,,2019-10-01 11:10:45,,,,,
938,DAOS-3357,,2019-10-01 11:13:48,,,,,
939,DAOS-3359,,2019-10-01 11:27:48,,,,,
940,DAOS-3381,,2020-01-22 10:57:07,,,,,
941,DAOS-3387,,2020-01-22 10:57:43,,,,,
942,DAOS-3388,,2020-01-22 10:57:45,,,,,
943,DAOS-3390,,2020-01-22 10:57:27,,,,,
944,DAOS-3391,,2020-01-08 14:05:46,,,,,
945,DAOS-3392,,2020-01-08 14:04:10,,,,,
946,DAOS-3393,,2020-01-08 14:02:58,,,,,
947,DAOS-3396,,2020-01-08 13:51:14,,,,,
948,DAOS-3398,,2020-01-08 13:47:31,,,,,
949,DAOS-3399,,2020-01-08 13:45:44,,,,,
950,DAOS-3400,,2020-01-08 13:44:27,,,,,
951,DAOS-3404,,2019-10-02 07:54:24,,,,,
952,DAOS-3407,DAOS-3407,2020-01-22 10:52:40,2022-03-10 08:31:20,,This issue implements SRS-279,Link,0.0
953,DAOS-3408,,2019-10-02 09:23:29,,,,,
954,DAOS-3409,,2020-01-22 10:57:15,,,,,
955,DAOS-3411,,2019-10-02 14:51:49,,,,,
956,DAOS-3413,,2019-10-03 00:25:22,,,,,
957,DAOS-3414,,2019-10-03 00:29:02,,,,,
958,DAOS-3419,,2020-01-22 10:52:43,,,,,
959,DAOS-3422,DAOS-3422,2020-01-22 10:52:34,2022-03-10 08:03:41,,This issue implements SRS-210,Link,0.0
960,DAOS-3423,,2020-01-22 10:52:33,,,,,
961,DAOS-3426,,2020-01-22 10:52:54,,,,,
962,DAOS-3427,,2020-01-22 10:52:26,,,,,
963,DAOS-3428,,2020-01-22 10:52:40,,,,,
964,DAOS-3430,DAOS-3430,2020-01-22 10:57:47,2022-02-09 07:16:32,,This issue implements SRS-361,Link,0.0
965,DAOS-3441,,2019-10-04 10:41:03,,,,,
966,DAOS-3443,DAOS-3443,2019-12-04 10:10:10,2022-03-10 08:03:51,,This issue verifies SRS-210,Link,0.0
967,DAOS-3447,,2020-01-22 10:57:15,,,,,
968,DAOS-3450,,2020-01-22 10:52:52,,,,,
969,DAOS-3451,DAOS-3451,2019-12-04 09:38:47,2022-03-10 08:03:27,,This issue verifies SRS-209,Link,0.0
970,DAOS-3452,,2020-01-22 10:57:51,,,,,
971,DAOS-3454,,2020-01-22 10:52:26,,,,,
972,DAOS-3455,,2020-01-22 10:52:31,,,,,
973,DAOS-3457,,2020-01-22 10:52:26,,,,,
974,DAOS-3458,,2020-01-22 10:52:44,,,,,
975,DAOS-3459,DAOS-3459,2019-12-03 15:54:58,2022-03-04 10:52:53,,This issue verifies SRS-47,Link,0.0
976,DAOS-3465,,2020-01-22 10:57:11,,,,,
977,DAOS-3468,,2019-10-07 10:28:44,,,,,
978,DAOS-3469,,2019-10-07 10:41:40,,,,,
979,DAOS-3470,,2019-10-07 10:49:35,,,,,
980,DAOS-3471,,2020-01-22 10:52:38,,,,,
981,DAOS-3474,,2020-01-22 10:57:41,,,,,
982,DAOS-3481,,2019-10-08 07:56:23,,,,,
983,DAOS-3484,,2020-01-22 10:52:41,,,,,
984,DAOS-3485,,2020-01-22 10:52:46,,,,,
985,DAOS-3487,,2020-01-22 10:52:45,,,,,
986,DAOS-3492,,2019-10-10 02:26:06,,,,,
987,DAOS-3498,,2019-11-13 11:40:30,,,,,
988,DAOS-3499,DAOS-3499,2019-11-13 11:36:52,2022-03-10 08:18:58,,This issue verifies SRS-238,Link,0.0
989,DAOS-3500,,2019-11-13 11:33:11,,,,,
990,DAOS-3502,DAOS-3502,2019-11-13 11:31:21,2022-03-10 08:18:36,,This issue verifies SRS-237,Link,0.0
991,DAOS-3508,DAOS-3508,2019-11-13 14:46:43,2022-03-10 08:15:02,,This issue verifies SRS-229,Link,0.0
992,DAOS-3509,DAOS-3509,2020-01-22 10:57:44,2022-04-15 12:50:50,,This issue verifies SRS-32,Link,0.0
993,DAOS-3509,DAOS-3509,2020-01-22 10:57:44,2022-04-15 12:45:03,,This issue verifies SRS-141,Link,0.0
994,DAOS-352,,2017-10-24 17:11:40,,,,,
995,DAOS-3522,,2020-01-22 10:52:44,,,,,
996,DAOS-3523,,2020-01-22 10:52:38,,,,,
997,DAOS-3525,,2020-01-22 10:57:38,,,,,
998,DAOS-3528,,2020-01-22 10:52:30,,,,,
999,DAOS-3532,,2020-01-22 10:52:44,,,,,
1000,DAOS-3535,,2020-01-22 10:52:39,,,,,
1001,DAOS-3536,,2020-01-22 10:52:58,,,,,
1002,DAOS-3537,,2020-01-22 10:52:58,,,,,
1003,DAOS-3546,,2019-12-03 15:51:18,,,,,
1004,DAOS-3549,,2020-01-22 10:57:44,,,,,
1005,DAOS-3572,,2020-01-22 10:57:19,,,,,
1006,DAOS-3573,DAOS-3573,2019-12-02 16:06:21,2022-03-10 07:49:04,,This issue verifies SRS-170,Link,0.0
1007,DAOS-3573,DAOS-3573,2019-12-02 16:06:21,2022-03-10 07:42:58,,This issue verifies SRS-164,Link,0.0
1008,DAOS-3574,DAOS-3574,2019-12-03 09:32:24,2022-03-10 07:49:04,,This issue verifies SRS-170,Link,0.0
1009,DAOS-3574,DAOS-3574,2019-12-03 09:32:24,2022-03-10 07:42:58,,This issue verifies SRS-164,Link,0.0
1010,DAOS-3575,,2019-12-03 11:42:10,,,,,
1011,DAOS-3576,,2019-12-03 11:42:42,,,,,
1012,DAOS-358,,2017-10-24 17:11:54,,,,,
1013,DAOS-3583,,2019-12-03 11:10:40,,,,,
1014,DAOS-3584,DAOS-3584,2020-01-22 10:57:52,2022-03-10 07:48:43,,This issue verifies SRS-169,Link,0.0
1015,DAOS-3590,DAOS-3590,2019-12-03 14:39:26,2022-03-10 07:52:21,,This issue verifies SRS-177,Link,0.0
1016,DAOS-3590,DAOS-3590,2019-12-03 14:39:26,2022-03-10 07:51:46,,This issue verifies SRS-176,Link,0.0
1017,DAOS-3590,DAOS-3590,2019-12-03 14:39:26,2022-03-10 07:51:21,,This issue verifies SRS-175,Link,0.0
1018,DAOS-3591,,2020-01-22 10:57:21,,,,,
1019,DAOS-3593,DAOS-3593,2019-12-03 14:52:15,2022-03-10 07:53:12,,This issue verifies SRS-179,Link,0.0
1020,DAOS-3593,DAOS-3593,2019-12-03 14:52:15,2022-03-08 12:28:16,,This issue verifies SRS-290,Link,0.0
1021,DAOS-3595,DAOS-3595,2019-12-03 15:01:42,2022-03-10 07:56:07,,This issue verifies SRS-189,Link,0.0
1022,DAOS-3595,DAOS-3595,2019-12-03 15:01:42,2022-03-10 07:55:22,,This issue verifies SRS-182,Link,0.0
1023,DAOS-3595,DAOS-3595,2019-12-03 15:01:42,2022-03-10 07:54:54,,This issue verifies SRS-181,Link,0.0
1024,DAOS-3596,DAOS-3596,2019-12-03 14:45:38,2022-03-10 07:52:47,,This issue verifies SRS-178,Link,0.0
1025,DAOS-3597,,2020-01-22 10:52:41,,,,,
1026,DAOS-3598,DAOS-3598,2019-12-03 14:58:40,2022-03-10 07:54:54,,This issue verifies SRS-181,Link,0.0
1027,DAOS-3598,DAOS-3598,2019-12-03 14:58:40,2022-03-10 07:54:20,,This issue verifies SRS-180,Link,0.0
1028,DAOS-3599,,2019-12-03 15:06:02,,,,,
1029,DAOS-36,,2016-04-06 05:13:43,,,,,
1030,DAOS-3600,,2020-01-22 10:52:35,,,,,
1031,DAOS-3606,DAOS-3606,2020-01-22 10:52:58,2022-03-10 08:09:33,,This issue implements SRS-220,Link,0.0
1032,DAOS-3610,,2020-01-22 10:52:58,,,,,
1033,DAOS-3611,DAOS-3611,2019-11-13 11:19:42,2022-03-10 07:56:52,,This issue verifies SRS-193,Link,0.0
1034,DAOS-3612,,2019-11-13 11:09:21,,,,,
1035,DAOS-3614,DAOS-3614,2020-01-22 10:52:54,2022-03-10 08:07:04,,This issue implements SRS-218,Link,0.0
1036,DAOS-3614,DAOS-3614,2020-01-22 10:52:54,2022-03-10 08:06:41,,This issue implements SRS-217,Link,0.0
1037,DAOS-3614,DAOS-3614,2020-01-22 10:52:54,2022-03-10 08:04:09,,This issue implements SRS-211,Link,0.0
1038,DAOS-3617,,2020-01-22 10:52:35,,,,,
1039,DAOS-3620,,2020-01-22 10:52:42,,,,,
1040,DAOS-3623,,2019-11-13 11:48:36,,,,,
1041,DAOS-3624,DAOS-3624,2019-11-13 11:17:55,2022-03-10 08:30:21,,This issue implements SRS-277,Link,0.0
1042,DAOS-3626,DAOS-3626,2020-01-22 10:52:26,2022-03-10 07:55:37,,This issue implements SRS-186,Link,0.0
1043,DAOS-3627,DAOS-3627,2020-01-22 10:52:43,2022-03-10 08:00:38,,This issue implements SRS-201,Link,0.0
1044,DAOS-3629,DAOS-3629,2019-12-04 08:15:40,2022-03-10 08:02:38,,This issue verifies SRS-207,Link,0.0
1045,DAOS-3629,DAOS-3629,2019-12-04 08:15:40,2022-03-10 08:01:11,,This issue verifies SRS-203,Link,0.0
1046,DAOS-3630,,2020-01-22 10:57:05,,,,,
1047,DAOS-3632,,2020-01-22 10:57:44,,,,,
1048,DAOS-3634,,2020-01-22 10:57:43,,,,,
1049,DAOS-3635,,2019-12-04 08:20:21,,,,,
1050,DAOS-3638,,2020-01-22 10:52:32,,,,,
1051,DAOS-3639,DAOS-3639,2020-01-22 10:52:32,2022-03-10 07:52:04,,This issue implements SRS-177,Link,0.0
1052,DAOS-3640,DAOS-3640,2019-12-06 08:57:12,2022-03-10 08:25:02,,This issue verifies SRS-256,Link,0.0
1053,DAOS-3642,,2020-01-22 10:57:34,,,,,
1054,DAOS-3643,,2020-01-22 10:57:31,,,,,
1055,DAOS-3647,DAOS-3647,2020-01-22 10:52:48,2022-03-10 07:54:10,,This issue implements SRS-180,Link,0.0
1056,DAOS-3648,DAOS-3648,2019-12-05 13:54:09,2022-03-10 08:28:05,,This issue verifies SRS-272,Link,0.0
1057,DAOS-3649,,2020-01-22 10:57:51,,,,,
1058,DAOS-3650,DAOS-3650,2019-12-05 13:57:24,2022-03-10 08:28:38,,This issue verifies SRS-273,Link,0.0
1059,DAOS-3650,DAOS-3650,2019-12-05 13:57:24,2022-03-10 08:28:25,,This issue implements SRS-273,Link,0.0
1060,DAOS-3652,DAOS-3652,2019-12-05 14:05:46,2022-03-10 08:29:59,,This issue verifies SRS-276,Link,0.0
1061,DAOS-3653,,2020-01-22 10:57:33,,,,,
1062,DAOS-3654,DAOS-3654,2019-12-05 14:13:54,2022-03-10 08:30:32,,This issue verifies SRS-277,Link,0.0
1063,DAOS-3655,,2020-01-22 10:57:06,,,,,
1064,DAOS-3656,,2019-12-06 10:57:09,,,,,
1065,DAOS-3657,,2019-12-06 11:06:36,,,,,
1066,DAOS-3658,,2019-12-06 11:08:03,,,,,
1067,DAOS-3659,DAOS-3659,2019-12-05 14:19:39,2022-03-10 08:31:00,,This issue verifies SRS-278,Link,0.0
1068,DAOS-3660,DAOS-3660,2019-12-05 14:25:01,2022-03-10 08:31:32,,This issue verifies SRS-279,Link,0.0
1069,DAOS-3661,DAOS-3661,2019-12-05 14:28:47,2022-03-10 08:31:49,,This issue verifies SRS-280,Link,0.0
1070,DAOS-3662,,2019-12-05 14:36:02,,,,,
1071,DAOS-3663,DAOS-3663,2019-12-05 14:37:12,2022-03-10 08:32:05,,This issue verifies SRS-282,Link,0.0
1072,DAOS-3665,,2020-01-22 10:57:36,,,,,
1073,DAOS-3666,DAOS-3666,2019-12-04 14:51:59,2022-03-10 08:32:59,,This issue verifies SRS-284,Link,0.0
1074,DAOS-3666,DAOS-3666,2019-12-04 14:51:59,2022-03-10 08:32:32,,This issue verifies SRS-283,Link,0.0
1075,DAOS-3667,,2019-11-14 09:55:17,,,,,
1076,DAOS-3671,,2020-01-22 10:57:26,,,,,
1077,DAOS-3673,DAOS-3673,2019-12-04 08:28:06,2022-03-10 08:02:52,,This issue verifies SRS-208,Link,0.0
1078,DAOS-3673,DAOS-3673,2019-12-04 08:28:06,2021-09-23 09:03:27,,This issue is related to  DAOS-8623,Link,0.0
1079,DAOS-3675,,2020-01-22 10:57:13,,,,,
1080,DAOS-3676,DAOS-3676,2019-12-04 10:50:07,2022-03-10 08:07:14,,This issue verifies SRS-218,Link,0.0
1081,DAOS-3677,,2020-01-22 10:57:43,,,,,
1082,DAOS-3679,,2020-01-22 10:52:52,,,,,
1083,DAOS-3681,,2020-01-22 10:52:48,,,,,
1084,DAOS-3682,,2019-12-05 15:53:29,,,,,
1085,DAOS-3684,,2019-12-05 15:59:13,,,,,
1086,DAOS-3685,DAOS-3685,2019-12-05 16:03:37,2022-03-10 08:25:16,,This issue verifies SRS-261,Link,0.0
1087,DAOS-3686,DAOS-3686,2020-01-22 10:57:22,2022-03-10 08:25:47,,This issue verifies SRS-263,Link,0.0
1088,DAOS-3686,DAOS-3686,2020-01-22 10:57:22,2022-03-10 08:25:34,,This issue verifies SRS-262,Link,0.0
1089,DAOS-3687,DAOS-3687,2020-01-22 10:52:28,2022-03-10 08:24:32,,This issue implements SRS-248,Link,0.0
1090,DAOS-3687,DAOS-3687,2020-01-22 10:52:28,2022-03-10 08:24:06,,This issue implements SRS-247,Link,0.0
1091,DAOS-3687,DAOS-3687,2020-01-22 10:52:28,2022-03-10 08:22:41,,This issue implements SRS-245,Link,0.0
1092,DAOS-3689,DAOS-3689,2020-11-03 12:52:19,2021-10-27 09:46:31,,This issue is blocked by DAOS-8843,Link,0.0
1093,DAOS-3689,DAOS-3689,2020-11-03 12:52:19,2021-10-19 09:27:01,,This issue is blocked by DAOS-8854,Link,0.0
1094,DAOS-3689,DAOS-3689,2020-11-03 12:52:19,2021-10-07 09:26:28,,This issue is blocked by DAOS-8577,Link,0.0
1095,DAOS-3689,DAOS-3689,2020-11-03 12:52:19,2021-10-07 09:26:13,This issue is related to DAOS-8577,,Link,0.0
1096,DAOS-3689,DAOS-3689,2020-11-03 12:52:19,2021-09-16 15:24:20,,This issue is related to DAOS-8577,Link,0.0
1097,DAOS-369,,2017-10-24 17:14:22,,,,,
1098,DAOS-3691,,2019-11-12 08:32:45,,,,,
1099,DAOS-3692,,2020-01-22 10:57:41,,,,,
1100,DAOS-3695,,2020-01-22 10:57:05,,,,,
1101,DAOS-3697,,2020-01-22 10:57:39,,,,,
1102,DAOS-37,,2016-04-06 05:16:54,,,,,
1103,DAOS-370,,2017-10-24 17:22:40,,,,,
1104,DAOS-3700,,2020-01-22 10:57:03,,,,,
1105,DAOS-3702,,2020-01-22 10:57:42,,,,,
1106,DAOS-3703,,2020-01-22 10:57:44,,,,,
1107,DAOS-3706,,2020-01-22 10:57:16,,,,,
1108,DAOS-3708,,2020-01-22 10:57:37,,,,,
1109,DAOS-3709,,2020-01-22 10:57:20,,,,,
1110,DAOS-3711,,2020-01-22 10:57:06,,,,,
1111,DAOS-3712,,2020-01-22 10:57:03,,,,,
1112,DAOS-3714,,2020-01-22 10:57:43,,,,,
1113,DAOS-3715,,2020-01-22 10:57:04,,,,,
1114,DAOS-3716,,2020-01-22 10:57:53,,,,,
1115,DAOS-3717,DAOS-3717,2019-12-05 14:11:33,2022-03-10 08:33:48,,This issue verifies SRS-286,Link,0.0
1116,DAOS-3717,DAOS-3717,2019-12-05 14:11:33,2022-03-10 08:33:23,,This issue verifies SRS-285,Link,0.0
1117,DAOS-3719,,2020-11-03 13:35:22,,,,,
1118,DAOS-372,,2017-10-24 17:29:24,,,,,
1119,DAOS-3728,DAOS-3728,2019-12-03 15:22:55,2022-03-10 07:55:50,,This issue verifies SRS-186,Link,0.0
1120,DAOS-373,,2017-10-24 17:34:37,,,,,
1121,DAOS-3730,,2019-11-20 13:15:56,,,,,
1122,DAOS-3732,,2020-01-22 10:52:28,,,,,
1123,DAOS-3733,,2020-01-22 10:57:30,,,,,
1124,DAOS-374,,2017-10-24 17:35:59,,,,,
1125,DAOS-3740,,2020-01-22 10:57:39,,,,,
1126,DAOS-3741,DAOS-3741,2020-01-22 10:52:29,2022-03-04 12:16:16,,This issue implements SRS-46,Link,0.0
1127,DAOS-3742,,2020-01-22 10:57:35,,,,,
1128,DAOS-3743,,2019-12-03 10:33:37,,,,,
1129,DAOS-3744,,2019-12-03 10:33:47,,,,,
1130,DAOS-3747,,2020-01-22 10:57:31,,,,,
1131,DAOS-3748,,2020-01-22 10:57:24,,,,,
1132,DAOS-3749,DAOS-3749,2019-12-04 10:13:29,2022-03-10 08:05:00,,This issue verifies SRS-211,Link,0.0
1133,DAOS-375,,2017-10-24 17:38:55,,,,,
1134,DAOS-3750,DAOS-3750,2020-01-22 10:57:41,2022-03-10 08:05:17,,This issue verifies SRS-212,Link,0.0
1135,DAOS-3751,DAOS-3751,2019-12-04 10:27:31,2022-03-10 08:06:24,,This issue verifies SRS-216,Link,0.0
1136,DAOS-3751,DAOS-3751,2019-12-04 10:27:31,2022-03-10 08:05:51,,This issue verifies SRS-214,Link,0.0
1137,DAOS-3752,DAOS-3752,2019-12-04 10:47:15,2022-03-10 08:06:51,,This issue verifies SRS-217,Link,0.0
1138,DAOS-3753,,2020-08-10 13:48:42,,,,,
1139,DAOS-376,,2017-10-24 17:41:24,,,,,
1140,DAOS-3767,DAOS-3767,2019-12-04 11:25:39,2022-03-10 08:10:03,,This issue verifies SRS-221,Link,0.0
1141,DAOS-3768,DAOS-3768,2019-12-04 11:56:12,2022-03-10 08:12:12,,This issue verifies SRS-223,Link,0.0
1142,DAOS-3769,DAOS-3769,2019-12-04 11:58:52,2022-03-10 08:12:52,,This issue verifies SRS-224,Link,0.0
1143,DAOS-377,,2017-10-24 17:43:58,,,,,
1144,DAOS-3770,DAOS-3770,2019-12-04 14:15:11,2022-03-10 08:16:01,,This issue verifies SRS-231,Link,0.0
1145,DAOS-3775,DAOS-3775,2019-12-04 14:25:46,2022-03-10 08:17:47,,This issue verifies SRS-234,Link,0.0
1146,DAOS-3775,DAOS-3775,2019-12-04 14:25:46,2022-03-10 08:16:26,,This issue verifies SRS-233,Link,0.0
1147,DAOS-3776,DAOS-3776,2019-12-04 14:30:05,2022-03-10 08:19:23,,This issue verifies SRS-239,Link,0.0
1148,DAOS-3776,DAOS-3776,2019-12-04 14:30:05,2022-03-10 08:18:15,,This issue verifies SRS-236,Link,0.0
1149,DAOS-3776,DAOS-3776,2019-12-04 14:30:05,2022-03-08 12:27:48,,This issue verifies SRS-235,Link,0.0
1150,DAOS-3777,,2019-12-04 14:37:35,,,,,
1151,DAOS-378,,2017-10-24 17:43:58,,,,,
1152,DAOS-3781,,2020-01-22 10:57:25,,,,,
1153,DAOS-3782,DAOS-3782,2019-12-06 10:53:00,2022-03-10 08:24:45,,This issue verifies SRS-248,Link,0.0
1154,DAOS-3782,DAOS-3782,2019-12-06 10:53:00,2022-03-10 08:24:16,,This issue verifies SRS-247,Link,0.0
1155,DAOS-3782,DAOS-3782,2019-12-06 10:53:00,2022-03-10 08:23:35,,This issue verifies SRS-246,Link,0.0
1156,DAOS-3782,DAOS-3782,2019-12-06 10:53:00,2022-03-10 08:22:52,,This issue verifies SRS-245,Link,0.0
1157,DAOS-3782,DAOS-3782,2019-12-06 10:53:00,2022-03-10 08:22:16,,This issue verifies SRS-244,Link,0.0
1158,DAOS-3782,DAOS-3782,2019-12-06 10:53:00,2022-03-10 08:21:59,,This issue verifies SRS-243,Link,0.0
1159,DAOS-3782,DAOS-3782,2019-12-06 10:53:00,2022-03-10 08:21:27,,This issue verifies SRS-242,Link,0.0
1160,DAOS-3788,,2020-01-22 10:52:37,,,,,
1161,DAOS-3789,,2020-01-22 10:57:08,,,,,
1162,DAOS-379,,2017-10-24 17:45:49,,,,,
1163,DAOS-3791,,2020-01-22 10:57:08,,,,,
1164,DAOS-3792,,2020-01-22 10:57:04,,,,,
1165,DAOS-3793,,2019-12-04 11:21:02,,,,,
1166,DAOS-3794,,2020-08-10 08:54:55,,,,,
1167,DAOS-3795,,2020-08-10 16:49:35,,,,,
1168,DAOS-3796,,2020-08-10 09:28:39,,,,,
1169,DAOS-3797,DAOS-3797,2020-08-06 14:54:46,2022-08-09 10:25:54,This issue is cloned by DAOS-6287,,Link,0.0
1170,DAOS-3797,DAOS-3797,2020-08-06 14:54:46,2022-08-09 10:24:39,This issue is cloned by DAOS-11308,,Link,0.0
1171,DAOS-3797,DAOS-3797,2020-08-06 14:54:46,2022-08-09 10:24:09,,This issue is cloned by DAOS-11308,Link,0.0
1172,DAOS-3798,,2020-08-13 15:02:27,,,,,
1173,DAOS-3799,,2020-08-13 15:05:29,,,,,
1174,DAOS-38,,2016-04-06 05:17:51,,,,,
1175,DAOS-380,,2017-10-24 17:47:46,,,,,
1176,DAOS-3808,DAOS-3808,2019-12-04 11:23:45,2022-03-10 08:09:48,,This issue verifies SRS-220,Link,0.0
1177,DAOS-3810,,2020-01-22 10:52:53,,,,,
1178,DAOS-3811,DAOS-3811,2020-08-10 13:54:55,2023-02-20 16:16:01,,This issue is blocked by DAOS-12672,Link,0.0
1179,DAOS-3817,,2020-01-22 10:52:42,,,,,
1180,DAOS-3824,,2020-01-22 10:52:37,,,,,
1181,DAOS-3829,,2020-01-22 10:57:23,,,,,
1182,DAOS-3836,,2020-10-20 10:08:15,,,,,
1183,DAOS-3840,,2019-12-03 09:58:25,,,,,
1184,DAOS-3842,,2020-01-22 10:52:35,,,,,
1185,DAOS-3843,,2020-01-22 10:52:51,,,,,
1186,DAOS-3845,,2019-12-04 11:52:15,,,,,
1187,DAOS-3847,,2020-01-22 10:52:51,,,,,
1188,DAOS-385,,2017-10-26 21:10:39,,,,,
1189,DAOS-3852,,2020-01-22 10:57:31,,,,,
1190,DAOS-3854,,2019-12-06 12:27:18,,,,,
1191,DAOS-3855,,2019-12-05 12:56:52,,,,,
1192,DAOS-3857,,2020-01-22 10:57:17,,,,,
1193,DAOS-3858,,2019-12-05 15:24:02,,,,,
1194,DAOS-3859,,2019-12-05 15:28:23,,,,,
1195,DAOS-386,,2017-10-26 21:12:36,,,,,
1196,DAOS-3860,,2019-12-05 15:32:13,,,,,
1197,DAOS-3861,DAOS-3861,2019-12-05 15:35:16,2022-03-04 12:08:25,,This issue verifies SRS-270,Link,0.0
1198,DAOS-3862,DAOS-3862,2019-12-05 15:41:11,2022-03-04 12:11:38,,This issue verifies SRS-271,Link,0.0
1199,DAOS-3863,,2020-01-22 10:52:45,,,,,
1200,DAOS-3873,,2020-01-22 10:57:10,,,,,
1201,DAOS-3874,,2020-01-22 10:52:47,,,,,
1202,DAOS-3875,,2020-01-22 10:52:41,,,,,
1203,DAOS-3876,,2020-01-22 10:52:49,,,,,
1204,DAOS-3879,,2020-01-22 10:52:51,,,,,
1205,DAOS-3881,,2020-01-22 10:53:00,,,,,
1206,DAOS-3884,,2020-01-22 10:53:00,,,,,
1207,DAOS-3888,,2020-01-22 10:57:20,,,,,
1208,DAOS-3891,,2020-01-22 10:57:49,,,,,
1209,DAOS-3894,,2020-01-22 10:57:10,,,,,
1210,DAOS-3895,,2020-01-22 10:57:52,,,,,
1211,DAOS-3896,,2020-01-22 10:57:08,,,,,
1212,DAOS-39,,2016-04-06 05:19:46,,,,,
1213,DAOS-3902,,2020-01-22 10:52:39,,,,,
1214,DAOS-3913,,2020-01-22 10:52:29,,,,,
1215,DAOS-3914,,2020-01-22 10:57:50,,,,,
1216,DAOS-3917,,2020-01-22 10:52:38,,,,,
1217,DAOS-3925,,2020-01-22 10:57:42,,,,,
1218,DAOS-3929,,2020-01-22 10:57:40,,,,,
1219,DAOS-3934,,2020-01-22 10:52:57,,,,,
1220,DAOS-394,,2018-08-15 14:41:21,,,,,
1221,DAOS-3947,,2020-01-22 10:57:51,,,,,
1222,DAOS-395,,2018-07-17 16:16:37,,,,,
1223,DAOS-3957,,2020-01-22 10:57:32,,,,,
1224,DAOS-3960,,2020-01-22 10:52:37,,,,,
1225,DAOS-3963,,2020-01-22 10:57:35,,,,,
1226,DAOS-397,,2017-11-06 22:09:25,,,,,
1227,DAOS-3979,,2020-01-22 10:57:08,,,,,
1228,DAOS-398,,2017-11-06 22:41:39,,,,,
1229,DAOS-3982,,2020-01-22 10:57:08,,,,,
1230,DAOS-3983,,2020-01-22 10:57:44,,,,,
1231,DAOS-399,,2017-11-06 22:43:15,,,,,
1232,DAOS-40,,2016-04-06 05:24:49,,,,,
1233,DAOS-400,,2017-11-06 23:02:20,,,,,
1234,DAOS-4000,,2020-01-22 10:57:13,,,,,
1235,DAOS-4005,,2020-01-22 10:57:48,,,,,
1236,DAOS-401,,2017-11-06 23:02:53,,,,,
1237,DAOS-4011,,2020-01-22 10:57:13,,,,,
1238,DAOS-4017,,2020-01-22 10:57:52,,,,,
1239,DAOS-4018,,2020-01-17 04:31:17,,,,,
1240,DAOS-402,,2017-11-07 14:35:25,,,,,
1241,DAOS-4028,,2020-01-22 10:57:13,,,,,
1242,DAOS-403,,2017-11-07 14:36:39,,,,,
1243,DAOS-404,,2017-11-07 14:37:13,,,,,
1244,DAOS-41,,2016-04-06 05:28:56,,,,,
1245,DAOS-4109,,2020-02-06 05:53:18,,,,,
1246,DAOS-4110,,2020-02-06 06:19:16,,,,,
1247,DAOS-4111,,2020-02-06 06:37:56,,,,,
1248,DAOS-4125,,2020-02-07 11:09:38,,,,,
1249,DAOS-414,,2017-11-23 06:59:44,,,,,
1250,DAOS-417,,2017-11-23 07:00:23,,,,,
1251,DAOS-418,,2017-11-23 07:01:47,,,,,
1252,DAOS-419,,2017-11-23 07:02:13,,,,,
1253,DAOS-42,,2016-04-06 05:29:42,,,,,
1254,DAOS-420,,2017-11-23 07:02:34,,,,,
1255,DAOS-422,,2017-11-23 07:00:47,,,,,
1256,DAOS-423,,2018-04-24 17:14:21,,,,,
1257,DAOS-4238,,2020-02-26 17:37:58,,,,,
1258,DAOS-424,,2017-11-23 17:40:44,,,,,
1259,DAOS-425,,2017-11-23 17:42:21,,,,,
1260,DAOS-426,,2017-12-05 17:21:35,,,,,
1261,DAOS-427,,2017-12-05 17:23:07,,,,,
1262,DAOS-429,,2017-12-05 17:14:30,,,,,
1263,DAOS-43,,2016-04-06 05:31:25,,,,,
1264,DAOS-430,,2017-12-05 17:17:22,,,,,
1265,DAOS-4300,,2020-06-29 15:52:31,,,,,
1266,DAOS-431,,2017-12-05 17:17:39,,,,,
1267,DAOS-432,,2017-12-05 17:18:47,,,,,
1268,DAOS-433,,2017-12-05 17:32:15,,,,,
1269,DAOS-434,,2017-12-05 17:33:23,,,,,
1270,DAOS-435,,2017-12-05 17:34:30,,,,,
1271,DAOS-436,,2017-12-05 17:35:42,,,,,
1272,DAOS-437,,2017-12-05 17:37:11,,,,,
1273,DAOS-438,,2017-12-05 17:37:35,,,,,
1274,DAOS-4388,,2020-08-13 14:35:35,,,,,
1275,DAOS-439,,2017-12-05 17:37:51,,,,,
1276,DAOS-44,,2016-04-06 05:32:45,,,,,
1277,DAOS-441,,2017-12-05 17:41:20,,,,,
1278,DAOS-442,,2017-12-05 17:42:53,,,,,
1279,DAOS-443,,2017-12-05 17:49:00,,,,,
1280,DAOS-4432,,2020-03-29 17:23:12,,,,,
1281,DAOS-4468,,2020-04-02 10:17:01,,,,,
1282,DAOS-448,,2017-12-18 17:15:20,,,,,
1283,DAOS-449,,2017-12-18 17:18:43,,,,,
1284,DAOS-45,,2016-04-06 05:33:47,,,,,
1285,DAOS-450,,2017-12-18 17:19:57,,,,,
1286,DAOS-451,,2017-12-18 17:26:07,,,,,
1287,DAOS-452,,2017-12-18 17:27:05,,,,,
1288,DAOS-453,,2017-12-18 17:30:36,,,,,
1289,DAOS-454,,2017-12-18 17:32:50,,,,,
1290,DAOS-455,,2017-12-18 17:33:20,,,,,
1291,DAOS-456,,2017-12-18 17:34:55,,,,,
1292,DAOS-457,,2017-12-18 17:35:58,,,,,
1293,DAOS-458,,2017-12-18 17:37:22,,,,,
1294,DAOS-459,,2017-12-18 17:37:48,,,,,
1295,DAOS-46,,2016-04-06 05:35:20,,,,,
1296,DAOS-461,,2018-01-03 22:43:16,,,,,
1297,DAOS-4612,,2020-04-17 07:32:42,,,,,
1298,DAOS-4631,,2020-04-20 09:19:42,,,,,
1299,DAOS-467,,2018-01-08 17:21:17,,,,,
1300,DAOS-468,,2018-01-08 17:23:57,,,,,
1301,DAOS-4686,,2020-04-28 08:13:41,,,,,
1302,DAOS-4688,,2020-04-28 08:30:21,,,,,
1303,DAOS-469,,2018-01-08 17:28:28,,,,,
1304,DAOS-4694,,2020-09-03 10:16:21,,,,,
1305,DAOS-47,,2016-04-06 12:53:03,,,,,
1306,DAOS-470,,2018-01-08 17:29:44,,,,,
1307,DAOS-471,,2018-01-16 06:05:58,,,,,
1308,DAOS-472,,2018-01-16 17:16:44,,,,,
1309,DAOS-4745,,2020-08-21 15:57:36,,,,,
1310,DAOS-477,,2018-01-16 17:17:19,,,,,
1311,DAOS-4774,,2020-08-10 09:59:49,,,,,
1312,DAOS-4778,,2020-08-05 15:00:46,,,,,
1313,DAOS-4779,,2020-08-10 10:14:39,,,,,
1314,DAOS-478,,2018-01-16 17:18:25,,,,,
1315,DAOS-4780,,2020-08-06 15:22:31,,,,,
1316,DAOS-4782,,2020-08-10 09:24:55,,,,,
1317,DAOS-479,,2018-01-16 17:23:53,,,,,
1318,DAOS-48,,2016-04-06 05:39:31,,,,,
1319,DAOS-480,,2018-01-16 17:25:25,,,,,
1320,DAOS-4801,,2020-08-10 10:49:52,,,,,
1321,DAOS-4802,,2020-08-10 10:47:43,,,,,
1322,DAOS-481,,2018-01-16 17:28:17,,,,,
1323,DAOS-4819,,2020-08-10 13:27:47,,,,,
1324,DAOS-482,,2018-01-16 17:30:36,,,,,
1325,DAOS-4822,,2020-08-13 15:02:27,,,,,
1326,DAOS-4823,,2020-08-12 15:51:07,,,,,
1327,DAOS-4826,,2020-08-13 10:55:28,,,,,
1328,DAOS-4829,,2020-08-10 16:46:19,,,,,
1329,DAOS-4832,,2020-08-12 15:49:14,,,,,
1330,DAOS-4836,,2020-05-13 10:13:52,,,,,
1331,DAOS-4837,,2020-05-13 10:22:22,,,,,
1332,DAOS-4839,,2020-05-13 11:40:20,,,,,
1333,DAOS-4840,,2020-05-13 12:38:03,,,,,
1334,DAOS-4841,,2020-05-13 12:48:31,,,,,
1335,DAOS-4844,,2020-09-21 10:53:24,,,,,
1336,DAOS-4858,,2020-05-14 09:48:32,,,,,
1337,DAOS-4859,,2020-05-14 11:41:16,,,,,
1338,DAOS-4867,,2020-08-06 14:47:02,,,,,
1339,DAOS-4869,,2020-08-10 11:04:43,,,,,
1340,DAOS-4872,,2020-08-13 15:02:27,,,,,
1341,DAOS-4873,,2020-11-10 09:48:09,,,,,
1342,DAOS-4875,,2020-08-10 14:02:44,,,,,
1343,DAOS-488,,2018-01-29 17:12:05,,,,,
1344,DAOS-4882,,2020-12-17 16:08:17,,,,,
1345,DAOS-4883,,2020-12-17 16:09:52,,,,,
1346,DAOS-4884,,2020-12-17 16:08:24,,,,,
1347,DAOS-489,,2018-01-29 17:15:03,,,,,
1348,DAOS-4893,,2020-08-10 16:45:10,,,,,
1349,DAOS-49,,2016-04-06 05:40:31,,,,,
1350,DAOS-490,,2018-01-29 17:20:09,,,,,
1351,DAOS-4902,,2020-08-10 10:16:30,,,,,
1352,DAOS-4905,,2020-10-20 10:38:54,,,,,
1353,DAOS-4906,DAOS-4906,2020-08-07 08:59:45,2021-09-13 16:17:44,,This issue is cloned by DAOS-8539,Link,0.0
1354,DAOS-4906,DAOS-4906,2020-08-07 08:59:45,2021-09-13 10:53:12,This issue verifies SRS-353,,Link,0.0
1355,DAOS-4907,,2020-08-10 16:43:12,,,,,
1356,DAOS-4908,,2020-08-10 16:42:02,,,,,
1357,DAOS-4909,,2020-08-10 16:29:22,,,,,
1358,DAOS-491,,2018-01-29 17:25:33,,,,,
1359,DAOS-4910,,2020-08-10 15:09:16,,,,,
1360,DAOS-4911,,2020-08-10 15:01:22,,,,,
1361,DAOS-4912,,2020-08-10 14:58:11,,,,,
1362,DAOS-492,,2018-01-29 17:27:09,,,,,
1363,DAOS-493,,2018-01-29 17:29:04,,,,,
1364,DAOS-494,,2018-01-29 17:32:04,,,,,
1365,DAOS-495,,2018-01-29 17:32:51,,,,,
1366,DAOS-496,,2018-01-29 17:34:51,,,,,
1367,DAOS-497,,2018-01-29 17:35:15,,,,,
1368,DAOS-498,,2018-01-29 17:37:28,,,,,
1369,DAOS-4983,,2020-08-06 16:00:32,,,,,
1370,DAOS-499,,2018-01-29 17:38:25,,,,,
1371,DAOS-50,,2016-04-06 05:41:15,,,,,
1372,DAOS-500,,2018-01-29 17:42:38,,,,,
1373,DAOS-501,,2018-01-29 17:44:12,,,,,
1374,DAOS-502,,2018-02-22 14:05:12,,,,,
1375,DAOS-5020,,2018-11-08 13:44:56,,,,,
1376,DAOS-503,,2018-03-27 16:16:42,,,,,
1377,DAOS-5038,,2020-10-20 10:28:45,,,,,
1378,DAOS-5044,,2020-06-29 15:52:35,,,,,
1379,DAOS-507,,2018-03-06 08:34:32,,,,,
1380,DAOS-5080,,2020-08-10 14:56:59,,,,,
1381,DAOS-5083,,2020-08-10 10:45:33,,,,,
1382,DAOS-5095,,2020-08-10 10:44:15,,,,,
1383,DAOS-5099,,2020-08-10 14:52:08,,,,,
1384,DAOS-51,,2016-04-06 05:42:30,,,,,
1385,DAOS-510,,2018-02-13 16:42:18,,,,,
1386,DAOS-5101,,2020-08-13 15:02:27,,,,,
1387,DAOS-5114,,2020-08-07 08:47:05,,,,,
1388,DAOS-5150,,2020-06-29 15:52:28,,,,,
1389,DAOS-5156,,2020-08-10 14:54:27,,,,,
1390,DAOS-5157,,2020-08-10 10:41:50,,,,,
1391,DAOS-5167,,2020-08-13 10:53:24,,,,,
1392,DAOS-5168,,2020-08-13 15:05:29,,,,,
1393,DAOS-5172,,2020-08-13 15:05:29,,,,,
1394,DAOS-5174,,2020-08-10 10:40:37,,,,,
1395,DAOS-5175,,2020-08-10 10:35:30,,,,,
1396,DAOS-518,,2018-03-14 11:54:29,,,,,
1397,DAOS-520,,2018-02-13 16:49:02,,,,,
1398,DAOS-521,,2018-02-13 16:49:02,,,,,
1399,DAOS-5228,,2020-08-13 15:02:27,,,,,
1400,DAOS-5235,,2020-08-13 14:35:35,,,,,
1401,DAOS-524,,2018-03-13 13:15:10,,,,,
1402,DAOS-5243,,2020-08-10 14:13:20,,,,,
1403,DAOS-5246,,2020-10-22 14:31:59,,,,,
1404,DAOS-526,,2018-02-20 14:53:59,,,,,
1405,DAOS-527,,2018-02-13 17:29:45,,,,,
1406,DAOS-528,,2018-02-13 17:29:47,,,,,
1407,DAOS-529,,2018-02-13 16:42:51,,,,,
1408,DAOS-53,,2016-04-06 05:45:36,,,,,
1409,DAOS-5317,,2020-08-10 14:20:06,,,,,
1410,DAOS-534,,2018-02-13 16:20:54,,,,,
1411,DAOS-535,,2018-02-13 16:29:34,,,,,
1412,DAOS-536,,2018-02-13 16:29:19,,,,,
1413,DAOS-5363,,2020-08-13 14:06:26,,,,,
1414,DAOS-537,,2018-02-13 16:53:39,,,,,
1415,DAOS-538,,2018-02-13 16:54:36,,,,,
1416,DAOS-539,,2018-02-13 16:59:13,,,,,
1417,DAOS-54,,2016-04-06 05:46:34,,,,,
1418,DAOS-540,,2018-02-13 17:19:36,,,,,
1419,DAOS-5409,,2020-08-06 12:27:17,,,,,
1420,DAOS-541,,2018-02-13 17:19:36,,,,,
1421,DAOS-542,,2018-02-13 17:19:36,,,,,
1422,DAOS-5442,,2020-10-23 17:19:02,,,,,
1423,DAOS-5443,,2020-08-12 16:01:48,,,,,
1424,DAOS-545,,2018-02-13 17:24:43,,,,,
1425,DAOS-546,,2018-02-13 17:24:43,,,,,
1426,DAOS-548,,2018-02-13 17:29:19,,,,,
1427,DAOS-549,,2018-02-13 17:32:19,,,,,
1428,DAOS-550,,2018-02-13 17:34:11,,,,,
1429,DAOS-5508,,2020-08-21 16:00:02,,,,,
1430,DAOS-551,,2018-02-13 17:34:43,,,,,
1431,DAOS-5511,,2020-08-21 16:00:02,,,,,
1432,DAOS-5514,,2020-08-21 16:00:03,,,,,
1433,DAOS-5515,,2020-08-26 15:58:31,,,,,
1434,DAOS-5522,,2020-08-27 09:56:15,,,,,
1435,DAOS-556,,2018-02-20 14:02:01,,,,,
1436,DAOS-5562,,2020-10-20 10:55:01,,,,,
1437,DAOS-5563,,2020-10-20 10:51:22,,,,,
1438,DAOS-557,,2018-02-21 09:34:54,,,,,
1439,DAOS-559,,2018-03-05 15:06:21,,,,,
1440,DAOS-56,,2016-04-06 05:49:42,,,,,
1441,DAOS-562,,2018-02-26 07:58:48,,,,,
1442,DAOS-564,,2018-02-27 16:41:27,,,,,
1443,DAOS-565,,2018-04-10 09:04:53,,,,,
1444,DAOS-566,,2018-02-27 16:53:56,,,,,
1445,DAOS-567,,2018-03-27 16:29:27,,,,,
1446,DAOS-569,,2018-05-31 13:34:35,,,,,
1447,DAOS-57,,2016-04-06 05:54:12,,,,,
1448,DAOS-570,,2018-03-27 16:29:31,,,,,
1449,DAOS-571,,2018-06-13 11:17:47,,,,,
1450,DAOS-573,,2018-08-28 14:10:08,,,,,
1451,DAOS-577,,2018-02-27 17:16:26,,,,,
1452,DAOS-578,,2018-02-27 16:24:40,,,,,
1453,DAOS-579,,2018-02-27 16:40:57,,,,,
1454,DAOS-58,,2016-04-06 05:55:52,,,,,
1455,DAOS-581,,2018-08-28 07:32:30,,,,,
1456,DAOS-582,,2018-02-27 16:45:26,,,,,
1457,DAOS-585,,2018-02-27 16:45:29,,,,,
1458,DAOS-586,,2018-02-27 17:16:40,,,,,
1459,DAOS-587,,2018-02-27 16:45:34,,,,,
1460,DAOS-59,,2016-04-06 05:58:26,,,,,
1461,DAOS-592,,2018-02-27 16:24:43,,,,,
1462,DAOS-593,,2018-02-27 17:16:46,,,,,
1463,DAOS-595,,2018-02-27 16:23:56,,,,,
1464,DAOS-596,,2018-02-27 16:27:59,,,,,
1465,DAOS-597,,2018-02-27 16:28:28,,,,,
1466,DAOS-598,,2018-02-27 16:28:49,,,,,
1467,DAOS-599,,2018-02-27 16:32:28,,,,,
1468,DAOS-60,,2016-04-06 06:01:07,,,,,
1469,DAOS-600,,2018-02-27 16:49:06,,,,,
1470,DAOS-601,,2018-02-27 16:49:03,,,,,
1471,DAOS-602,,2018-02-27 17:21:06,,,,,
1472,DAOS-603,,2018-02-27 17:21:07,,,,,
1473,DAOS-605,,2018-02-27 17:22:10,,,,,
1474,DAOS-606,,2018-02-27 17:20:06,,,,,
1475,DAOS-607,,2018-02-27 17:23:58,,,,,
1476,DAOS-608,,2018-02-27 17:26:50,,,,,
1477,DAOS-61,,2016-04-06 06:15:30,,,,,
1478,DAOS-611,,2018-01-25 14:33:56,,,,,
1479,DAOS-613,,2018-03-29 14:39:14,,,,,
1480,DAOS-616,,2018-03-14 11:56:23,,,,,
1481,DAOS-618,,2018-03-01 12:40:41,,,,,
1482,DAOS-619,,2018-03-01 12:41:23,,,,,
1483,DAOS-62,,2016-04-06 06:55:41,,,,,
1484,DAOS-620,,2018-03-01 12:42:08,,,,,
1485,DAOS-622,,2018-03-01 12:47:30,,,,,
1486,DAOS-625,,2018-03-07 08:04:55,,,,,
1487,DAOS-626,,2018-03-07 11:08:41,,,,,
1488,DAOS-627,,2018-03-22 15:02:58,,,,,
1489,DAOS-63,,2016-04-06 11:38:05,,,,,
1490,DAOS-630,,2018-03-07 09:32:11,,,,,
1491,DAOS-632,,2018-03-07 11:05:31,,,,,
1492,DAOS-633,,2018-03-07 11:08:31,,,,,
1493,DAOS-635,,2018-03-14 11:56:58,,,,,
1494,DAOS-639,,2018-03-11 21:21:59,,,,,
1495,DAOS-641,,2020-01-22 10:52:50,,,,,
1496,DAOS-643,,2020-01-22 10:52:49,,,,,
1497,DAOS-646,,2018-06-05 10:54:04,,,,,
1498,DAOS-6464,,2021-01-11 19:44:53,,,,,
1499,DAOS-6465,,2021-01-11 19:44:57,,,,,
1500,DAOS-6466,,2021-01-11 19:45:00,,,,,
1501,DAOS-647,DAOS-647,2018-12-18 12:55:57,2022-03-10 07:57:13,,This issue implements SRS-194,Link,0.0
1502,DAOS-648,,2020-01-22 10:52:50,,,,,
1503,DAOS-649,,2018-06-19 10:17:11,,,,,
1504,DAOS-650,,2018-06-05 10:54:54,,,,,
1505,DAOS-653,,2018-12-18 12:41:21,,,,,
1506,DAOS-654,,2018-11-28 11:26:03,,,,,
1507,DAOS-655,,2018-11-27 14:51:20,,,,,
1508,DAOS-657,,2018-12-18 12:53:43,,,,,
1509,DAOS-658,,2018-12-18 12:53:44,,,,,
1510,DAOS-66,,2016-04-06 11:43:28,,,,,
1511,DAOS-668,,2018-03-12 16:16:58,,,,,
1512,DAOS-67,,2016-04-06 11:46:22,,,,,
1513,DAOS-674,,2018-03-14 12:11:11,,,,,
1514,DAOS-676,,2018-03-14 11:55:49,,,,,
1515,DAOS-677,,2018-03-14 12:10:45,,,,,
1516,DAOS-678,,2018-03-14 11:52:47,,,,,
1517,DAOS-679,,2018-03-14 11:55:53,,,,,
1518,DAOS-68,,2016-04-06 11:49:14,,,,,
1519,DAOS-680,,2018-03-14 12:06:19,,,,,
1520,DAOS-682,,2018-03-14 12:08:53,,,,,
1521,DAOS-683,,2018-03-14 12:19:17,,,,,
1522,DAOS-684,,2018-03-14 12:22:18,,,,,
1523,DAOS-687,,2018-03-27 16:18:57,,,,,
1524,DAOS-689,,2018-08-15 14:42:58,,,,,
1525,DAOS-693,,2018-04-10 17:29:27,,,,,
1526,DAOS-695,,2018-03-16 11:01:17,,,,,
1527,DAOS-696,,2018-04-24 08:42:50,,,,,
1528,DAOS-697,,2018-03-16 11:01:26,,,,,
1529,DAOS-698,,2018-03-16 11:01:30,,,,,
1530,DAOS-70,,2016-04-06 11:53:10,,,,,
1531,DAOS-700,,2018-04-24 08:46:37,,,,,
1532,DAOS-701,,2018-03-16 10:59:29,,,,,
1533,DAOS-703,,2018-03-19 09:01:37,,,,,
1534,DAOS-704,,2018-03-19 09:02:28,,,,,
1535,DAOS-705,,2018-03-19 09:03:18,,,,,
1536,DAOS-707,,2018-03-27 16:11:11,,,,,
1537,DAOS-71,,2016-04-06 11:57:10,,,,,
1538,DAOS-72,,2016-04-06 11:59:38,,,,,
1539,DAOS-722,,2020-01-22 10:57:12,,,,,
1540,DAOS-723,,2020-01-22 10:57:29,,,,,
1541,DAOS-726,,2018-03-21 13:07:49,,,,,
1542,DAOS-730,,2018-03-22 17:16:53,,,,,
1543,DAOS-732,,2018-03-27 15:06:17,,,,,
1544,DAOS-733,,2018-03-26 08:45:11,,,,,
1545,DAOS-734,,2018-03-26 09:13:38,,,,,
1546,DAOS-737,,2018-03-26 15:08:04,,,,,
1547,DAOS-739,,2018-03-27 07:33:46,,,,,
1548,DAOS-747,,2018-03-27 15:08:04,,,,,
1549,DAOS-748,,2018-03-27 16:16:42,,,,,
1550,DAOS-749,,2018-03-27 16:16:42,,,,,
1551,DAOS-751,,2018-03-27 16:17:46,,,,,
1552,DAOS-753,,2018-03-27 16:25:51,,,,,
1553,DAOS-754,,2018-03-27 16:27:09,,,,,
1554,DAOS-755,,2018-03-27 16:34:02,,,,,
1555,DAOS-756,,2018-03-27 16:37:13,,,,,
1556,DAOS-759,,2018-03-27 17:15:58,,,,,
1557,DAOS-76,,2016-04-06 12:15:26,,,,,
1558,DAOS-760,,2018-03-27 17:19:16,,,,,
1559,DAOS-761,,2018-03-27 17:21:51,,,,,
1560,DAOS-762,,2018-03-27 17:22:24,,,,,
1561,DAOS-763,,2018-03-28 02:20:17,,,,,
1562,DAOS-764,,2018-03-28 18:52:50,,,,,
1563,DAOS-765,,2018-05-22 16:33:27,,,,,
1564,DAOS-77,,2016-04-06 12:24:53,,,,,
1565,DAOS-771,,2018-05-22 15:08:06,,,,,
1566,DAOS-772,,2018-04-02 12:11:34,,,,,
1567,DAOS-777,,2018-04-02 13:53:45,,,,,
1568,DAOS-778,,2018-04-03 13:20:35,,,,,
1569,DAOS-779,,2018-05-22 13:59:11,,,,,
1570,DAOS-782,,2018-04-06 10:15:50,,,,,
1571,DAOS-784,,2018-04-09 08:56:39,,,,,
1572,DAOS-788,,2018-04-10 08:34:58,,,,,
1573,DAOS-789,,2018-04-10 08:40:41,,,,,
1574,DAOS-790,,2018-04-10 08:44:09,,,,,
1575,DAOS-791,,2018-04-10 08:47:53,,,,,
1576,DAOS-792,,2018-04-10 16:36:25,,,,,
1577,DAOS-793,,2018-04-10 16:36:27,,,,,
1578,DAOS-794,,2018-04-10 16:36:32,,,,,
1579,DAOS-795,,2018-04-10 16:43:16,,,,,
1580,DAOS-797,,2018-04-10 16:33:09,,,,,
1581,DAOS-798,,2018-04-10 16:35:23,,,,,
1582,DAOS-799,,2018-04-10 16:38:41,,,,,
1583,DAOS-80,,2016-04-06 12:39:00,,,,,
1584,DAOS-800,,2018-04-10 16:40:03,,,,,
1585,DAOS-802,,2018-04-10 16:49:41,,,,,
1586,DAOS-803,,2018-04-10 16:55:47,,,,,
1587,DAOS-804,,2018-04-10 17:24:36,,,,,
1588,DAOS-805,,2018-04-10 17:25:49,,,,,
1589,DAOS-806,,2018-04-10 17:26:53,,,,,
1590,DAOS-807,,2018-04-10 18:20:20,,,,,
1591,DAOS-81,,2016-04-06 12:40:40,,,,,
1592,DAOS-810,,2018-05-22 17:15:21,,,,,
1593,DAOS-813,,2018-04-16 10:21:15,,,,,
1594,DAOS-814,,2018-04-24 16:06:24,,,,,
1595,DAOS-815,,2018-05-08 15:52:45,,,,,
1596,DAOS-816,,2018-04-24 16:06:31,,,,,
1597,DAOS-817,,2018-05-22 14:01:18,,,,,
1598,DAOS-818,,2018-04-23 09:41:04,,,,,
1599,DAOS-819,,2018-05-08 15:52:39,,,,,
1600,DAOS-82,,2016-04-06 12:42:02,,,,,
1601,DAOS-820,,2018-05-03 14:47:46,,,,,
1602,DAOS-821,,2018-06-04 12:31:39,,,,,
1603,DAOS-822,,2018-04-24 16:05:34,,,,,
1604,DAOS-824,,2018-04-17 08:54:07,,,,,
1605,DAOS-825,,2018-04-24 17:31:29,,,,,
1606,DAOS-829,,2018-04-18 12:54:54,,,,,
1607,DAOS-83,,2016-04-06 12:43:30,,,,,
1608,DAOS-831,,2018-05-22 13:55:41,,,,,
1609,DAOS-832,,2018-06-04 12:31:43,,,,,
1610,DAOS-839,,2018-04-24 17:33:16,,,,,
1611,DAOS-842,,2019-08-07 14:28:37,,,,,
1612,DAOS-843,,2019-08-07 14:39:34,,,,,
1613,DAOS-844,,2019-08-07 14:27:12,,,,,
1614,DAOS-847,,2018-07-17 17:11:35,,,,,
1615,DAOS-848,,2018-07-17 17:12:12,,,,,
1616,DAOS-849,,2018-04-19 12:53:46,,,,,
1617,DAOS-85,,2016-04-19 06:38:19,,,,,
1618,DAOS-850,,2018-04-19 09:31:13,,,,,
1619,DAOS-851,,2018-04-19 12:56:00,,,,,
1620,DAOS-852,,2018-04-19 12:58:56,,,,,
1621,DAOS-853,,2018-04-19 13:03:53,,,,,
1622,DAOS-855,,2018-04-25 08:55:38,,,,,
1623,DAOS-856,,2018-04-24 08:48:43,,,,,
1624,DAOS-857,,2018-04-24 08:50:59,,,,,
1625,DAOS-858,,2018-04-24 08:58:15,,,,,
1626,DAOS-859,,2018-04-24 16:42:04,,,,,
1627,DAOS-86,,2016-04-19 09:41:57,,,,,
1628,DAOS-860,,2018-04-24 16:42:04,,,,,
1629,DAOS-863,,2020-01-22 10:57:30,,,,,
1630,DAOS-865,,2020-01-22 10:52:53,,,,,
1631,DAOS-866,,2020-01-22 10:52:30,,,,,
1632,DAOS-867,,2020-01-22 10:52:54,,,,,
1633,DAOS-868,,2020-01-22 10:52:32,,,,,
1634,DAOS-869,,2020-01-22 10:52:35,,,,,
1635,DAOS-87,,2016-04-21 06:51:02,,,,,
1636,DAOS-870,,2018-04-24 17:33:40,,,,,
1637,DAOS-871,,2018-04-24 16:10:36,,,,,
1638,DAOS-873,,2018-04-24 16:47:29,,,,,
1639,DAOS-874,,2018-04-24 16:46:27,,,,,
1640,DAOS-875,,2018-05-08 17:16:14,,,,,
1641,DAOS-876,,2018-04-24 17:16:58,,,,,
1642,DAOS-877,,2018-06-05 17:17:30,,,,,
1643,DAOS-878,,2018-04-24 17:16:59,,,,,
1644,DAOS-879,,2018-04-24 17:22:27,,,,,
1645,DAOS-88,,2016-04-28 04:45:52,,,,,
1646,DAOS-880,,2018-04-24 17:19:11,,,,,
1647,DAOS-881,,2018-04-24 17:22:06,,,,,
1648,DAOS-882,,2018-04-24 17:25:01,,,,,
1649,DAOS-884,,2018-04-24 17:28:31,,,,,
1650,DAOS-89,,2016-04-28 09:29:53,,,,,
1651,DAOS-890,,2018-04-27 10:28:27,,,,,
1652,DAOS-894,,2018-05-02 09:30:21,,,,,
1653,DAOS-895,,2018-05-02 09:36:50,,,,,
1654,DAOS-898,,2018-05-02 14:29:15,,,,,
1655,DAOS-903,,2018-05-08 16:35:38,,,,,
1656,DAOS-905,,2018-05-23 10:16:41,,,,,
1657,DAOS-906,,2018-05-16 10:16:02,,,,,
1658,DAOS-907,,2018-05-08 14:43:14,,,,,
1659,DAOS-908,,2020-01-22 10:57:21,,,,,
1660,DAOS-909,,2020-01-22 10:57:28,,,,,
1661,DAOS-91,,2016-05-17 05:59:46,,,,,
1662,DAOS-910,,2020-01-22 10:57:38,,,,,
1663,DAOS-913,,2018-05-08 15:52:52,,,,,
1664,DAOS-914,,2018-05-08 16:19:57,,,,,
1665,DAOS-9151,DAOS-9151,2019-08-07 11:25:47,2022-07-18 10:53:03,This issue is related to SRE-30,,Link,0.0
1666,DAOS-9151,DAOS-9151,2019-08-07 11:25:47,2022-07-18 10:52:53,,This issue has to be done before SRE-30,Link,0.0
1667,DAOS-9151,DAOS-9151,2019-08-07 11:25:47,2022-06-09 12:34:49,,This issue is related to CORCI-1214,Link,0.0
1668,DAOS-9151,DAOS-9151,2019-08-07 11:25:47,2022-06-09 02:17:03,,This issue is related to DCO-10287,Link,0.0
1669,DAOS-917,,2018-05-08 15:36:53,,,,,
1670,DAOS-918,,2018-05-08 16:16:38,,,,,
1671,DAOS-919,,2018-05-08 16:06:23,,,,,
1672,DAOS-92,,2016-05-24 16:02:42,,,,,
1673,DAOS-920,,2018-05-08 16:08:25,,,,,
1674,DAOS-921,,2018-05-08 16:10:13,,,,,
1675,DAOS-922,,2018-05-08 16:13:36,,,,,
1676,DAOS-924,,2018-05-08 16:23:56,,,,,
1677,DAOS-925,,2018-05-08 16:25:48,,,,,
1678,DAOS-926,,2018-05-08 16:40:08,,,,,
1679,DAOS-927,,2018-05-08 16:41:47,,,,,
1680,DAOS-928,,2018-05-08 17:04:23,,,,,
1681,DAOS-929,,2018-05-08 17:18:03,,,,,
1682,DAOS-93,,2016-06-21 23:51:18,,,,,
1683,DAOS-930,,2018-05-08 17:19:56,,,,,
1684,DAOS-931,,2018-05-08 17:20:16,,,,,
1685,DAOS-932,,2018-05-08 17:23:22,,,,,
1686,DAOS-933,,2018-05-08 17:24:48,,,,,
1687,DAOS-934,,2018-05-08 17:27:35,,,,,
1688,DAOS-936,,2018-05-09 12:36:43,,,,,
1689,DAOS-94,,2016-06-21 23:51:23,,,,,
1690,DAOS-940,,2018-06-05 15:32:35,,,,,
1691,DAOS-942,,2018-05-14 15:26:29,,,,,
1692,DAOS-948,,2018-05-17 16:32:29,,,,,
1693,DAOS-949,,2018-05-17 16:41:01,,,,,
1694,DAOS-950,,2018-05-18 08:48:49,,,,,
1695,DAOS-951,,2019-07-29 16:29:21,,,,,
1696,DAOS-957,,2018-05-22 10:14:27,,,,,
1697,DAOS-958,,2018-05-22 10:16:05,,,,,
1698,DAOS-959,,2018-05-22 10:17:53,,,,,
1699,DAOS-96,,2016-05-30 23:17:23,,,,,
1700,DAOS-960,,2018-05-22 16:34:25,,,,,
1701,DAOS-961,,2018-05-22 16:34:25,,,,,
1702,DAOS-964,,2018-05-22 12:09:14,,,,,
1703,DAOS-965,,2018-05-22 13:54:23,,,,,
1704,DAOS-966,,2018-05-22 14:00:41,,,,,
1705,DAOS-967,,2018-05-22 17:20:11,,,,,
1706,DAOS-968,,2018-05-22 17:20:14,,,,,
1707,DAOS-969,,2018-05-22 17:20:14,,,,,
1708,DAOS-97,,2016-05-31 06:05:10,,,,,
1709,DAOS-970,,2018-05-22 15:05:46,,,,,
1710,DAOS-971,,2018-05-22 15:05:46,,,,,
1711,DAOS-973,,2018-05-22 15:05:46,,,,,
1712,DAOS-974,,2018-05-22 15:23:45,,,,,
1713,DAOS-975,,2018-05-22 16:27:04,,,,,
1714,DAOS-976,,2018-05-22 16:39:12,,,,,
1715,DAOS-977,,2018-05-22 16:49:16,,,,,
1716,DAOS-979,,2018-05-22 17:18:16,,,,,
1717,DAOS-98,,2016-05-31 06:28:15,,,,,
1718,DAOS-980,,2018-05-22 17:19:36,,,,,
1719,DAOS-981,,2018-05-23 10:16:27,,,,,
1720,DAOS-985,,2018-05-24 13:56:10,,,,,
1721,DAOS-992,,2018-05-31 08:49:18,,,,,
1722,DAOS-994,,2018-06-01 09:31:24,,,,,
1723,DAOS-995,,2018-06-01 09:31:08,,,,,
1724,DAOS-996,,2018-08-29 11:42:26,,,,,
1725,DAOS-997,,2018-06-05 10:08:15,,,,,
1726,DAOS-999,,2018-06-01 13:31:58,,,,,
