project_key,usability_label,size,feature_importance,accuracy_rf,confusion_matrix_rf,classification_report_rf,area_under_pre_recall_curve_rf,avg_precision_rf,area_under_roc_curve_rf,y_pred_rf,precision_rf,recall_rf,thresholds_rf,y_test,features
Apache,is_change_text_num_words_5,5,"3    0.206428
4    0.203088
0    0.201503
2    0.194803
1    0.194178
dtype: float64",0.8226857887874837,"[[1258    5]
 [ 267    4]]","              precision    recall  f1-score   support

           0       0.82      1.00      0.90      1263
           1       0.44      0.01      0.03       271

    accuracy                           0.82      1534
   macro avg       0.63      0.51      0.47      1534
weighted avg       0.76      0.82      0.75      1534
",0.2689149452548315,0.2712356345458453,0.6272580659298281,[0 0 0 ... 0 0 0],"[0.17666232 0.17700849 0.17666447 0.17795485 0.17907445 0.18064076
 0.18269896 0.18430273 0.18518519 0.18651363 0.18740955 0.18928833
 0.19011976 0.19105383 0.19186493 0.19309262 0.19123506 0.19305331
 0.19394435 0.19536424 0.19449082 0.19543147 0.19706137 0.19894829
 0.20088496 0.20107239 0.20144535 0.20219579 0.20296571 0.20450281
 0.20591039 0.20659554 0.20723363 0.20833333 0.21105528 0.21159715
 0.21237113 0.21074816 0.21221865 0.21568627 0.21633554 0.21812081
 0.21768707 0.22004608 0.22091657 0.22009569 0.21939394 0.22167488
 0.22403004 0.22503161 0.22692308 0.22816167 0.22619048 0.22922252
 0.22888283 0.2293956  0.22928177 0.22905028 0.22849083 0.23142857
 0.23469388 0.23485968 0.23432836 0.23609023 0.23708207 0.23846154
 0.23899371 0.24044586 0.24121406 0.24143556 0.24257426 0.24459235
 0.24283305 0.24185249 0.24216028 0.24558304 0.24821429 0.25136612
 0.25230203 0.25280899 0.2543021  0.25736739 0.2584493  0.26315789
 0.2602459  0.26141079 0.26205451 0.26539278 0.26349892 0.26521739
 0.26754386 0.26829268 0.26818182 0.26834862 0.27166276 0.27251185
 0.27163462 0.27294686 0.27272727 0.2761194  0.27411168 0.27012987
 0.27105263 0.27320955 0.27345845 0.27297297 0.27445652 0.27653631
 0.27887324 0.27873563 0.28034682 0.28115942 0.28698225 0.28742515
 0.29179331 0.29538462 0.29721362 0.29467085 0.28888889 0.29449838
 0.29042904 0.28666667 0.28378378 0.28522337 0.28671329 0.28469751
 0.28937729 0.28782288 0.28996283 0.29323308 0.29277567 0.29961089
 0.30314961 0.308      0.30923695 0.31147541 0.30864198 0.31092437
 0.31355932 0.31601732 0.31004367 0.31140351 0.30666667 0.31081081
 0.30909091 0.30232558 0.30917874 0.30882353 0.305      0.30653266
 0.30808081 0.31122449 0.31578947 0.31746032 0.32608696 0.33149171
 0.33333333 0.33333333 0.33714286 0.33908046 0.33918129 0.34117647
 0.34319527 0.34337349 0.34545455 0.34756098 0.34567901 0.34591195
 0.34810127 0.35031847 0.35483871 0.36184211 0.36666667 0.36912752
 0.37162162 0.37671233 0.37931034 0.38194444 0.38461538 0.39285714
 0.40145985 0.40298507 0.4        0.39534884 0.4015748  0.392
 0.39516129 0.40163934 0.40495868 0.40677966 0.4137931  0.42105263
 0.41964286 0.41818182 0.41284404 0.41121495 0.41509434 0.41346154
 0.40776699 0.41176471 0.41       0.41414141 0.41836735 0.42708333
 0.42105263 0.41304348 0.41758242 0.42222222 0.42045455 0.42528736
 0.43023256 0.42352941 0.41666667 0.42168675 0.41975309 0.4125
 0.40506329 0.41025641 0.39189189 0.39726027 0.3943662  0.4057971
 0.3880597  0.37878788 0.36507937 0.37096774 0.36666667 0.34482759
 0.33333333 0.33928571 0.35185185 0.33962264 0.34615385 0.33333333
 0.34       0.34693878 0.33333333 0.34042553 0.34782609 0.36363636
 0.37209302 0.35714286 0.36585366 0.35       0.35897436 0.34210526
 0.32432432 0.33333333 0.31428571 0.32352941 0.33333333 0.3125
 0.32258065 0.33333333 0.31034483 0.32142857 0.33333333 0.30769231
 0.32       0.33333333 0.34782609 0.36363636 0.38095238 0.4
 0.42105263 0.38888889 0.35294118 0.375      0.4        0.42857143
 0.46153846 0.41666667 0.45454545 0.4        0.44444444 0.5
 0.42857143 0.33333333 0.2        0.25       0.         0.
 0.         1.        ]","[1.         1.         0.98892989 0.98892989 0.98523985 0.97785978
 0.97416974 0.9704797  0.95940959 0.95940959 0.95571956 0.95202952
 0.93726937 0.9298893  0.92250923 0.90774908 0.88560886 0.88191882
 0.87453875 0.87084871 0.8597786  0.85239852 0.84132841 0.83763838
 0.83763838 0.8302583  0.82287823 0.81549815 0.80811808 0.80442804
 0.79704797 0.78597786 0.78228782 0.77490775 0.77490775 0.76752768
 0.7601476  0.73800738 0.73062731 0.73062731 0.72324723 0.7195572
 0.70848708 0.70479705 0.69372694 0.67896679 0.66789668 0.66420664
 0.66051661 0.65682657 0.65313653 0.64575646 0.63099631 0.63099631
 0.6199262  0.61623616 0.61254613 0.60516605 0.59778598 0.59778598
 0.59409594 0.58671587 0.57933579 0.57933579 0.57564576 0.57195572
 0.56088561 0.55719557 0.55719557 0.54612546 0.54243542 0.54243542
 0.53136531 0.5202952  0.51291513 0.51291513 0.51291513 0.50922509
 0.50553506 0.49815498 0.49077491 0.48339483 0.4797048  0.4797048
 0.46863469 0.46494465 0.46125461 0.46125461 0.4501845  0.4501845
 0.4501845  0.44649446 0.43542435 0.43173432 0.42804428 0.42435424
 0.41697417 0.41697417 0.4095941  0.4095941  0.39852399 0.38376384
 0.3800738  0.3800738  0.37638376 0.37269373 0.37269373 0.36531365
 0.36531365 0.35793358 0.35793358 0.35793358 0.35793358 0.35424354
 0.35424354 0.35424354 0.35424354 0.34686347 0.33579336 0.33579336
 0.32472325 0.31734317 0.3099631  0.30627306 0.30258303 0.29520295
 0.29151292 0.28782288 0.28782288 0.28782288 0.28413284 0.28413284
 0.28413284 0.28413284 0.28413284 0.2804428  0.27675277 0.27306273
 0.27306273 0.26937269 0.26199262 0.26199262 0.25461255 0.25461255
 0.25092251 0.2398524  0.23616236 0.23247232 0.22509225 0.22509225
 0.22509225 0.22509225 0.22140221 0.22140221 0.22140221 0.22140221
 0.22140221 0.21771218 0.21771218 0.21771218 0.21402214 0.21402214
 0.21402214 0.2103321  0.2103321  0.2103321  0.20664207 0.20295203
 0.20295203 0.20295203 0.20295203 0.20295203 0.20295203 0.20295203
 0.20295203 0.20295203 0.20295203 0.20295203 0.20295203 0.20295203
 0.20295203 0.19926199 0.19188192 0.18819188 0.18819188 0.18081181
 0.18081181 0.18081181 0.18081181 0.17712177 0.17712177 0.17712177
 0.17343173 0.1697417  0.16605166 0.16236162 0.16236162 0.15867159
 0.15498155 0.15498155 0.15129151 0.15129151 0.15129151 0.15129151
 0.14760148 0.1402214  0.1402214  0.1402214  0.13653137 0.13653137
 0.13653137 0.13284133 0.12915129 0.12915129 0.12546125 0.12177122
 0.11808118 0.11808118 0.10701107 0.10701107 0.10332103 0.10332103
 0.09594096 0.09225092 0.08487085 0.08487085 0.08118081 0.07380074
 0.0701107  0.0701107  0.0701107  0.06642066 0.06642066 0.06273063
 0.06273063 0.06273063 0.05904059 0.05904059 0.05904059 0.05904059
 0.05904059 0.05535055 0.05535055 0.05166052 0.05166052 0.04797048
 0.04428044 0.04428044 0.04059041 0.04059041 0.04059041 0.03690037
 0.03690037 0.03690037 0.03321033 0.03321033 0.03321033 0.0295203
 0.0295203  0.0295203  0.0295203  0.0295203  0.0295203  0.0295203
 0.0295203  0.02583026 0.02214022 0.02214022 0.02214022 0.02214022
 0.02214022 0.01845018 0.01845018 0.01476015 0.01476015 0.01476015
 0.01107011 0.00738007 0.00369004 0.00369004 0.         0.
 0.         0.        ]","[0.    0.001 0.002 0.003 0.004 0.005 0.006 0.007 0.008 0.009 0.01  0.011
 0.012 0.013 0.014 0.015 0.016 0.017 0.018 0.019 0.02  0.021 0.022 0.023
 0.024 0.025 0.026 0.027 0.028 0.029 0.03  0.031 0.032 0.033 0.034 0.035
 0.036 0.037 0.038 0.039 0.04  0.041 0.042 0.043 0.044 0.045 0.046 0.047
 0.048 0.049 0.05  0.051 0.052 0.053 0.054 0.055 0.056 0.057 0.058 0.059
 0.06  0.061 0.062 0.063 0.064 0.065 0.066 0.067 0.068 0.069 0.07  0.071
 0.072 0.073 0.074 0.075 0.076 0.077 0.078 0.079 0.08  0.081 0.082 0.083
 0.084 0.085 0.086 0.087 0.088 0.089 0.09  0.091 0.092 0.093 0.094 0.095
 0.096 0.097 0.098 0.099 0.1   0.101 0.102 0.103 0.104 0.105 0.106 0.107
 0.108 0.109 0.11  0.111 0.112 0.113 0.114 0.115 0.116 0.117 0.118 0.119
 0.12  0.121 0.122 0.123 0.124 0.125 0.126 0.127 0.128 0.129 0.13  0.131
 0.132 0.133 0.134 0.136 0.137 0.138 0.139 0.141 0.142 0.143 0.144 0.145
 0.146 0.147 0.148 0.149 0.15  0.151 0.152 0.153 0.154 0.155 0.156 0.157
 0.158 0.159 0.16  0.161 0.162 0.163 0.164 0.166 0.167 0.168 0.169 0.17
 0.171 0.172 0.173 0.174 0.177 0.178 0.179 0.18  0.181 0.182 0.183 0.184
 0.185 0.186 0.187 0.188 0.189 0.19  0.191 0.193 0.194 0.195 0.196 0.197
 0.198 0.2   0.203 0.204 0.206 0.207 0.208 0.214 0.215 0.216 0.217 0.218
 0.22  0.221 0.222 0.223 0.224 0.225 0.226 0.229 0.232 0.235 0.239 0.24
 0.241 0.245 0.248 0.251 0.255 0.258 0.259 0.26  0.262 0.268 0.27  0.272
 0.274 0.275 0.276 0.284 0.285 0.293 0.296 0.298 0.302 0.305 0.309 0.311
 0.313 0.314 0.315 0.319 0.32  0.329 0.33  0.332 0.333 0.338 0.341 0.343
 0.351 0.352 0.36  0.361 0.362 0.374 0.376 0.377 0.387 0.388 0.395 0.4
 0.401 0.402 0.406 0.429 0.43  0.454 0.455 0.459 0.473 0.489 0.502 0.514
 0.515 0.533 0.584 0.587 0.629 0.644 0.66 ]","0       0
1       0
2       0
3       0
4       0
       ..
1529    0
1530    0
1531    0
1532    0
1533    0
Name: usability_label, Length: 1534, dtype: int64",only vec
Apache,is_change_text_num_words_5,10,"7    0.111008
6    0.107570
0    0.103990
2    0.102630
8    0.101407
5    0.098466
9    0.097328
4    0.095419
1    0.092883
3    0.089299
dtype: float64",0.8233376792698827,"[[1263    0]
 [ 271    0]]","              precision    recall  f1-score   support

           0       0.82      1.00      0.90      1263
           1       0.00      0.00      0.00       271

    accuracy                           0.82      1534
   macro avg       0.41      0.50      0.45      1534
weighted avg       0.68      0.82      0.74      1534
",0.3026124328028126,0.30397113416926375,0.6335308364960135,[0 0 0 ... 0 0 0],"[0.17666232 0.17700849 0.17770492 0.17821782 0.17976032 0.18005355
 0.18077183 0.18287671 0.18326418 0.18508093 0.1861288  0.18785714
 0.18958032 0.18914956 0.19065282 0.19026217 0.1913767  0.19192688
 0.19429453 0.19498825 0.19572108 0.19617225 0.197411   0.19787408
 0.19966997 0.20083333 0.20134794 0.19982993 0.20137104 0.20121422
 0.20211827 0.20213713 0.20126354 0.20255474 0.2027907  0.20375587
 0.20591039 0.20793037 0.20740019 0.20923379 0.21178821 0.21111111
 0.21116751 0.21274409 0.21698113 0.21587302 0.21367521 0.21297297
 0.21334792 0.21507761 0.21564246 0.21630804 0.21724138 0.21849711
 0.21820303 0.21830986 0.21589561 0.21650718 0.21765417 0.21829268
 0.22071517 0.2225     0.22151899 0.22322581 0.22496749 0.22572178
 0.2276964  0.22764228 0.23076923 0.23194444 0.23055163 0.23232323
 0.2350365  0.23774146 0.24096386 0.24127466 0.24270353 0.24303406
 0.24489796 0.24722662 0.2464     0.247557   0.24793388 0.24579125
 0.24745763 0.24784854 0.2465035  0.24604569 0.24733096 0.24727273
 0.24953789 0.24765478 0.24667932 0.24660194 0.24654832 0.24646465
 0.25       0.25311203 0.25369979 0.25917927 0.26153846 0.26339286
 0.26651481 0.26666667 0.27102804 0.27142857 0.27294686 0.27407407
 0.27638191 0.27877238 0.28125    0.28571429 0.28954424 0.28918919
 0.29120879 0.29166667 0.29213483 0.29344729 0.29479769 0.29446064
 0.2920354  0.29253731 0.28746177 0.28881988 0.29153605 0.2943038
 0.29581994 0.29641694 0.30333333 0.30639731 0.3105802  0.30769231
 0.30742049 0.3024911  0.30107527 0.30514706 0.30223881 0.30681818
 0.30501931 0.307393   0.316      0.31854839 0.31836735 0.31120332
 0.30962343 0.30672269 0.30508475 0.30769231 0.31304348 0.31858407
 0.32142857 0.32579186 0.32876712 0.3287037  0.3255814  0.32075472
 0.32227488 0.32380952 0.32850242 0.33165829 0.32994924 0.32653061
 0.33160622 0.33333333 0.33333333 0.33513514 0.33695652 0.33888889
 0.33519553 0.34682081 0.35087719 0.35502959 0.35329341 0.36196319
 0.36645963 0.36075949 0.36305732 0.36538462 0.36774194 0.37254902
 0.37748344 0.37583893 0.37837838 0.38356164 0.38194444 0.38028169
 0.38129496 0.38235294 0.38518519 0.3880597  0.38636364 0.39534884
 0.3984375  0.3968254  0.4        0.40650407 0.41176471 0.41525424
 0.41880342 0.4137931  0.4122807  0.42342342 0.41818182 0.41666667
 0.42056075 0.4245283  0.42857143 0.4368932  0.44554455 0.44
 0.43434343 0.43298969 0.4375     0.44210526 0.43617021 0.42857143
 0.42222222 0.43181818 0.44186047 0.43529412 0.44047619 0.44578313
 0.45121951 0.45       0.4556962  0.46153846 0.46753247 0.47368421
 0.46666667 0.47297297 0.47887324 0.48571429 0.47826087 0.48529412
 0.47761194 0.48484848 0.49230769 0.49206349 0.5        0.51666667
 0.5        0.50877193 0.51785714 0.53703704 0.54716981 0.55769231
 0.54901961 0.53061224 0.55319149 0.54347826 0.53333333 0.52272727
 0.51162791 0.48780488 0.48717949 0.5        0.51351351 0.52777778
 0.5        0.48484848 0.48387097 0.51724138 0.5        0.51851852
 0.53846154 0.56       0.58333333 0.56521739 0.52380952 0.55
 0.57894737 0.52941176 0.5        0.53333333 0.5        0.46153846
 0.54545455 0.6        0.66666667 0.75       0.85714286 0.83333333
 1.         1.         1.         1.         1.         1.        ]","[1.         1.         1.         0.99630996 0.99630996 0.99261993
 0.98523985 0.98523985 0.97785978 0.9704797  0.9704797  0.9704797
 0.96678967 0.95202952 0.94833948 0.93726937 0.93357934 0.9298893
 0.9298893  0.91881919 0.91143911 0.90774908 0.900369   0.89298893
 0.89298893 0.88929889 0.88191882 0.86715867 0.86715867 0.85608856
 0.84501845 0.83763838 0.82287823 0.81918819 0.80442804 0.80073801
 0.79704797 0.79335793 0.78597786 0.78597786 0.78228782 0.77121771
 0.76752768 0.76383764 0.76383764 0.75276753 0.73800738 0.72693727
 0.7195572  0.71586716 0.71217712 0.70479705 0.69741697 0.69741697
 0.6900369  0.68634686 0.67158672 0.66789668 0.66420664 0.66051661
 0.66051661 0.65682657 0.64575646 0.63837638 0.63837638 0.63468635
 0.63099631 0.6199262  0.6199262  0.61623616 0.60147601 0.59409594
 0.59409594 0.5904059  0.5904059  0.58671587 0.58302583 0.57933579
 0.57564576 0.57564576 0.56826568 0.56088561 0.55350554 0.53874539
 0.53874539 0.53136531 0.5202952  0.51660517 0.51291513 0.50184502
 0.49815498 0.48708487 0.4797048  0.46863469 0.46125461 0.4501845
 0.4501845  0.4501845  0.44280443 0.44280443 0.43911439 0.43542435
 0.43173432 0.42804428 0.42804428 0.42066421 0.41697417 0.4095941
 0.40590406 0.40221402 0.39852399 0.39852399 0.39852399 0.39483395
 0.39114391 0.38745387 0.38376384 0.3800738  0.37638376 0.37269373
 0.36531365 0.36162362 0.34686347 0.34317343 0.34317343 0.34317343
 0.33948339 0.33579336 0.33579336 0.33579336 0.33579336 0.32472325
 0.32103321 0.31365314 0.3099631  0.30627306 0.29889299 0.29889299
 0.29151292 0.29151292 0.29151292 0.29151292 0.28782288 0.27675277
 0.27306273 0.26937269 0.26568266 0.26568266 0.26568266 0.26568266
 0.26568266 0.26568266 0.26568266 0.26199262 0.25830258 0.25092251
 0.25092251 0.25092251 0.25092251 0.24354244 0.2398524  0.23616236
 0.23616236 0.23616236 0.23247232 0.22878229 0.22878229 0.22509225
 0.22140221 0.22140221 0.22140221 0.22140221 0.21771218 0.21771218
 0.21771218 0.2103321  0.2103321  0.2103321  0.2103321  0.2103321
 0.2103321  0.20664207 0.20664207 0.20664207 0.20295203 0.19926199
 0.19557196 0.19188192 0.19188192 0.19188192 0.18819188 0.18819188
 0.18819188 0.18450185 0.18450185 0.18450185 0.18081181 0.18081181
 0.18081181 0.17712177 0.17343173 0.17343173 0.1697417  0.16605166
 0.16605166 0.16605166 0.16605166 0.16605166 0.16605166 0.16236162
 0.15867159 0.15498155 0.15498155 0.15498155 0.15129151 0.14391144
 0.1402214  0.1402214  0.1402214  0.13653137 0.13653137 0.13653137
 0.13653137 0.13284133 0.13284133 0.13284133 0.13284133 0.13284133
 0.12915129 0.12915129 0.12546125 0.12546125 0.12177122 0.12177122
 0.11808118 0.11808118 0.11808118 0.11439114 0.11439114 0.11439114
 0.10701107 0.10701107 0.10701107 0.10701107 0.10701107 0.10701107
 0.10332103 0.09594096 0.09594096 0.09225092 0.08856089 0.08487085
 0.08118081 0.07380074 0.0701107  0.0701107  0.0701107  0.0701107
 0.06273063 0.05904059 0.05535055 0.05535055 0.05166052 0.05166052
 0.05166052 0.05166052 0.05166052 0.04797048 0.04059041 0.04059041
 0.04059041 0.03321033 0.0295203  0.0295203  0.02583026 0.02214022
 0.02214022 0.02214022 0.02214022 0.02214022 0.02214022 0.01845018
 0.01845018 0.01476015 0.01107011 0.00738007 0.00369004 0.        ]","[0.    0.001 0.002 0.003 0.004 0.005 0.006 0.007 0.008 0.009 0.01  0.011
 0.012 0.013 0.014 0.015 0.016 0.017 0.018 0.019 0.02  0.021 0.022 0.023
 0.024 0.025 0.026 0.027 0.028 0.029 0.03  0.031 0.032 0.033 0.034 0.035
 0.036 0.037 0.038 0.039 0.04  0.041 0.042 0.043 0.044 0.045 0.046 0.047
 0.048 0.049 0.05  0.051 0.052 0.053 0.054 0.055 0.056 0.057 0.058 0.059
 0.06  0.061 0.062 0.063 0.064 0.065 0.066 0.067 0.068 0.069 0.07  0.071
 0.072 0.073 0.074 0.075 0.076 0.077 0.078 0.079 0.08  0.081 0.082 0.083
 0.084 0.085 0.086 0.087 0.088 0.089 0.09  0.091 0.092 0.093 0.094 0.095
 0.096 0.097 0.098 0.099 0.1   0.101 0.102 0.103 0.104 0.105 0.106 0.107
 0.108 0.109 0.11  0.111 0.112 0.113 0.114 0.115 0.116 0.117 0.118 0.119
 0.12  0.121 0.122 0.123 0.124 0.125 0.126 0.127 0.128 0.129 0.13  0.131
 0.132 0.133 0.134 0.135 0.136 0.137 0.138 0.139 0.14  0.141 0.142 0.143
 0.145 0.146 0.147 0.148 0.149 0.15  0.151 0.152 0.153 0.154 0.155 0.156
 0.157 0.158 0.159 0.16  0.161 0.162 0.163 0.165 0.166 0.167 0.168 0.17
 0.171 0.173 0.174 0.177 0.179 0.18  0.181 0.182 0.183 0.185 0.186 0.187
 0.188 0.189 0.19  0.191 0.192 0.193 0.194 0.197 0.198 0.2   0.202 0.203
 0.204 0.205 0.206 0.207 0.209 0.21  0.212 0.214 0.215 0.216 0.217 0.218
 0.221 0.223 0.224 0.225 0.227 0.228 0.23  0.232 0.234 0.236 0.237 0.238
 0.239 0.24  0.241 0.242 0.243 0.245 0.247 0.25  0.251 0.253 0.254 0.255
 0.256 0.257 0.259 0.26  0.262 0.264 0.265 0.266 0.269 0.27  0.272 0.274
 0.275 0.276 0.277 0.278 0.283 0.285 0.286 0.287 0.288 0.289 0.291 0.292
 0.293 0.297 0.298 0.301 0.302 0.312 0.313 0.314 0.316 0.319 0.32  0.321
 0.326 0.327 0.331 0.332 0.339 0.341 0.349 0.351 0.354 0.361 0.37  0.376
 0.377 0.398 0.404 0.406 0.414 0.421 0.427 0.435 0.439 0.442 0.449]","0       0
1       0
2       0
3       0
4       0
       ..
1529    0
1530    0
1531    0
1532    0
1533    0
Name: usability_label, Length: 1534, dtype: int64",only vec
Apache,is_change_text_num_words_5,15,"6     0.074970
7     0.072904
9     0.069946
11    0.067636
1     0.067314
14    0.066377
0     0.066073
8     0.065978
10    0.065925
4     0.065817
2     0.065364
3     0.064740
5     0.063477
12    0.063032
13    0.060447
dtype: float64",0.8239895697522817,"[[1263    0]
 [ 270    1]]","              precision    recall  f1-score   support

           0       0.82      1.00      0.90      1263
           1       1.00      0.00      0.01       271

    accuracy                           0.82      1534
   macro avg       0.91      0.50      0.46      1534
weighted avg       0.85      0.82      0.75      1534
",0.3009412340065308,0.30224718341301665,0.6533293598969243,[0 0 0 ... 0 0 0],"[0.17666232 0.17747217 0.17852437 0.17909454 0.17864338 0.17990496
 0.17969822 0.18194444 0.18290119 0.18381831 0.18526466 0.18633094
 0.18718135 0.18768328 0.18920916 0.1904048  0.19169811 0.19254186
 0.19337442 0.19379845 0.19437939 0.19435737 0.19572108 0.1952
 0.19709208 0.19820555 0.19934102 0.20016543 0.2003325  0.20150502
 0.20303286 0.20338983 0.20547945 0.20550301 0.20731707 0.20753065
 0.2081488  0.20837044 0.20863309 0.20923913 0.20985401 0.21217712
 0.21435228 0.21555764 0.21821632 0.21880998 0.21953578 0.22080471
 0.2210109  0.22111554 0.22165992 0.22369765 0.2238193  0.2238342
 0.22455404 0.22269353 0.22293676 0.22210184 0.22601985 0.22505543
 0.22747748 0.22814983 0.23024055 0.23148148 0.23247664 0.23222749
 0.23325359 0.23373494 0.2342233  0.23529412 0.23449132 0.23470662
 0.23514539 0.2368758  0.23636364 0.23460026 0.23701731 0.23719677
 0.23809524 0.23829201 0.23743017 0.23870056 0.24005682 0.24023155
 0.24340176 0.2422452  0.24404762 0.24661654 0.24847561 0.24923077
 0.25       0.2503962  0.25160256 0.25487013 0.2557377  0.25827815
 0.25757576 0.25945017 0.26215278 0.2617801  0.26548673 0.26702509
 0.26691042 0.2690167  0.27067669 0.27221172 0.27466151 0.27559055
 0.27888446 0.27878788 0.27926078 0.28099174 0.28183716 0.28270042
 0.2832618  0.2826087  0.28070175 0.27901786 0.28054299 0.2791762
 0.28009259 0.28037383 0.28301887 0.28162291 0.28467153 0.28186275
 0.2853598  0.28787879 0.28426396 0.28461538 0.28608247 0.28534031
 0.28912467 0.2899729  0.29155313 0.29722222 0.29859155 0.29829545
 0.3008596  0.30172414 0.30434783 0.30523256 0.30791789 0.30952381
 0.30838323 0.31306991 0.31481481 0.315625   0.31329114 0.31612903
 0.3147541  0.31561462 0.31649832 0.31740614 0.31724138 0.31818182
 0.31914894 0.31654676 0.31521739 0.31617647 0.32209738 0.31954887
 0.31679389 0.32046332 0.32421875 0.32283465 0.3201581  0.32270916
 0.32128514 0.31707317 0.31666667 0.31799163 0.3164557  0.31623932
 0.31004367 0.31140351 0.3125     0.30941704 0.31221719 0.31481481
 0.32075472 0.31904762 0.32682927 0.32843137 0.33333333 0.33838384
 0.33502538 0.33673469 0.33678756 0.3368984  0.33701657 0.34078212
 0.33898305 0.34883721 0.35087719 0.35502959 0.35329341 0.34939759
 0.34756098 0.35185185 0.35625    0.35849057 0.36075949 0.36538462
 0.375      0.37583893 0.37837838 0.39160839 0.3943662  0.39007092
 0.38686131 0.38235294 0.38518519 0.3880597  0.39097744 0.38931298
 0.3875969  0.38888889 0.384      0.38709677 0.38211382 0.37815126
 0.37606838 0.37719298 0.39090909 0.3853211  0.39622642 0.4
 0.39423077 0.38834951 0.4        0.4040404  0.39795918 0.41052632
 0.40860215 0.41304348 0.40659341 0.40909091 0.4137931  0.42857143
 0.41463415 0.40740741 0.40506329 0.41558442 0.42105263 0.41333333
 0.41891892 0.42465753 0.43661972 0.44117647 0.44615385 0.453125
 0.46774194 0.46666667 0.45762712 0.46551724 0.45614035 0.47272727
 0.48148148 0.48076923 0.47058824 0.46       0.46938776 0.45833333
 0.46666667 0.47727273 0.48780488 0.475      0.46153846 0.47368421
 0.48648649 0.5        0.51428571 0.51515152 0.53125    0.5483871
 0.53333333 0.55172414 0.53571429 0.51851852 0.58333333 0.60869565
 0.63636364 0.6        0.63157895 0.61111111 0.58823529 0.5625
 0.53333333 0.5        0.53846154 0.5        0.45454545 0.44444444
 0.5        0.42857143 0.33333333 0.4        0.5        0.66666667
 1.         1.         1.        ]","[1.         1.         1.         0.99261993 0.98154982 0.97785978
 0.96678967 0.96678967 0.96309963 0.95571956 0.95571956 0.95571956
 0.94833948 0.94464945 0.94464945 0.93726937 0.93726937 0.93357934
 0.92619926 0.92250923 0.91881919 0.91512915 0.91143911 0.900369
 0.900369   0.89667897 0.89298893 0.89298893 0.88929889 0.88929889
 0.88929889 0.88560886 0.88560886 0.88191882 0.87822878 0.87453875
 0.86715867 0.86346863 0.85608856 0.85239852 0.84870849 0.84870849
 0.84870849 0.84870849 0.84870849 0.84132841 0.83763838 0.8302583
 0.82287823 0.81918819 0.80811808 0.80811808 0.80442804 0.79704797
 0.7896679  0.77490775 0.76752768 0.75645756 0.75645756 0.74907749
 0.74538745 0.74169742 0.74169742 0.73800738 0.73431734 0.72324723
 0.7195572  0.71586716 0.71217712 0.70848708 0.69741697 0.69372694
 0.68634686 0.68265683 0.67158672 0.66051661 0.65682657 0.64944649
 0.64575646 0.63837638 0.62730627 0.62361624 0.62361624 0.61254613
 0.61254613 0.60516605 0.60516605 0.60516605 0.60147601 0.59778598
 0.5904059  0.58302583 0.57933579 0.57933579 0.57564576 0.57564576
 0.56457565 0.55719557 0.55719557 0.55350554 0.55350554 0.5498155
 0.53874539 0.53505535 0.53136531 0.53136531 0.52398524 0.51660517
 0.51660517 0.50922509 0.50184502 0.50184502 0.49815498 0.49446494
 0.48708487 0.4797048  0.47232472 0.46125461 0.45756458 0.4501845
 0.44649446 0.44280443 0.44280443 0.43542435 0.43173432 0.42435424
 0.42435424 0.42066421 0.41328413 0.4095941  0.4095941  0.40221402
 0.40221402 0.39483395 0.39483395 0.39483395 0.39114391 0.38745387
 0.38745387 0.38745387 0.38745387 0.38745387 0.38745387 0.38376384
 0.3800738  0.3800738  0.37638376 0.37269373 0.36531365 0.36162362
 0.35424354 0.35055351 0.34686347 0.34317343 0.33948339 0.33579336
 0.33210332 0.32472325 0.32103321 0.31734317 0.31734317 0.31365314
 0.30627306 0.30627306 0.30627306 0.30258303 0.29889299 0.29889299
 0.29520295 0.28782288 0.2804428  0.2804428  0.27675277 0.27306273
 0.26199262 0.26199262 0.25830258 0.25461255 0.25461255 0.25092251
 0.25092251 0.24723247 0.24723247 0.24723247 0.24723247 0.24723247
 0.24354244 0.24354244 0.2398524  0.23247232 0.22509225 0.22509225
 0.22140221 0.22140221 0.22140221 0.22140221 0.21771218 0.21402214
 0.2103321  0.2103321  0.2103321  0.2103321  0.2103321  0.2103321
 0.2103321  0.20664207 0.20664207 0.20664207 0.20664207 0.20295203
 0.19557196 0.19188192 0.19188192 0.19188192 0.19188192 0.18819188
 0.18450185 0.18081181 0.17712177 0.17712177 0.17343173 0.16605166
 0.16236162 0.15867159 0.15867159 0.15498155 0.15498155 0.15498155
 0.15129151 0.14760148 0.14760148 0.14760148 0.14391144 0.14391144
 0.1402214  0.1402214  0.13653137 0.13284133 0.13284133 0.13284133
 0.12546125 0.12177122 0.11808118 0.11808118 0.11808118 0.11439114
 0.11439114 0.11439114 0.11439114 0.11070111 0.10701107 0.10701107
 0.10701107 0.10332103 0.099631   0.099631   0.09594096 0.09594096
 0.09594096 0.09225092 0.08856089 0.08487085 0.08487085 0.08118081
 0.07749077 0.07749077 0.07380074 0.0701107  0.06642066 0.06642066
 0.06642066 0.06642066 0.06642066 0.06273063 0.06273063 0.06273063
 0.05904059 0.05904059 0.05535055 0.05166052 0.05166052 0.05166052
 0.05166052 0.04428044 0.04428044 0.04059041 0.03690037 0.03321033
 0.0295203  0.02583026 0.02583026 0.02214022 0.01845018 0.01476015
 0.01476015 0.01107011 0.00738007 0.00738007 0.00738007 0.00738007
 0.00738007 0.00369004 0.        ]","[0.    0.001 0.002 0.003 0.004 0.005 0.006 0.007 0.008 0.009 0.01  0.011
 0.012 0.013 0.014 0.015 0.016 0.017 0.018 0.019 0.02  0.021 0.022 0.023
 0.024 0.025 0.026 0.027 0.028 0.029 0.03  0.031 0.032 0.033 0.034 0.035
 0.036 0.037 0.038 0.039 0.04  0.041 0.042 0.043 0.044 0.045 0.046 0.047
 0.048 0.049 0.05  0.051 0.052 0.053 0.054 0.055 0.056 0.057 0.058 0.059
 0.06  0.061 0.062 0.063 0.064 0.065 0.066 0.067 0.068 0.069 0.07  0.071
 0.072 0.073 0.074 0.075 0.076 0.077 0.078 0.079 0.08  0.081 0.082 0.083
 0.084 0.085 0.086 0.087 0.088 0.089 0.09  0.091 0.092 0.093 0.094 0.095
 0.096 0.097 0.098 0.099 0.1   0.101 0.102 0.103 0.104 0.105 0.106 0.107
 0.108 0.109 0.11  0.111 0.112 0.113 0.114 0.115 0.116 0.117 0.118 0.119
 0.12  0.121 0.122 0.123 0.124 0.125 0.126 0.127 0.128 0.129 0.13  0.131
 0.132 0.133 0.134 0.135 0.137 0.138 0.139 0.14  0.141 0.142 0.143 0.144
 0.145 0.146 0.147 0.148 0.149 0.15  0.151 0.152 0.153 0.154 0.155 0.156
 0.157 0.158 0.159 0.16  0.161 0.162 0.163 0.164 0.165 0.166 0.167 0.168
 0.169 0.171 0.173 0.174 0.175 0.176 0.177 0.178 0.179 0.18  0.181 0.182
 0.183 0.184 0.185 0.186 0.187 0.188 0.189 0.19  0.191 0.192 0.194 0.195
 0.196 0.197 0.198 0.199 0.2   0.202 0.203 0.204 0.205 0.206 0.207 0.208
 0.209 0.21  0.211 0.212 0.213 0.214 0.215 0.219 0.22  0.221 0.222 0.223
 0.225 0.226 0.228 0.229 0.231 0.232 0.235 0.238 0.239 0.24  0.241 0.242
 0.243 0.245 0.246 0.248 0.249 0.251 0.252 0.253 0.254 0.255 0.256 0.257
 0.259 0.26  0.262 0.263 0.264 0.266 0.267 0.268 0.271 0.273 0.275 0.276
 0.277 0.278 0.279 0.28  0.282 0.283 0.284 0.285 0.286 0.288 0.296 0.297
 0.299 0.3   0.301 0.302 0.303 0.304 0.305 0.307 0.308 0.309 0.311 0.312
 0.314 0.317 0.32  0.321 0.323 0.326 0.331 0.333 0.337 0.341 0.352 0.353
 0.356 0.359 0.371 0.376 0.383 0.389 0.39  0.396 0.404 0.416 0.439 0.44
 0.444 0.503]","0       0
1       0
2       0
3       0
4       0
       ..
1529    0
1530    0
1531    0
1532    0
1533    0
Name: usability_label, Length: 1534, dtype: int64",only vec
Apache,is_change_text_num_words_5,20,"9     0.055958
16    0.053293
10    0.051858
2     0.051831
5     0.051598
4     0.051226
14    0.050734
7     0.050310
18    0.050289
6     0.049762
1     0.049294
19    0.049056
15    0.048970
11    0.048930
8     0.048413
17    0.048410
0     0.048368
13    0.048165
3     0.047338
12    0.046197
dtype: float64",0.8233376792698827,"[[1263    0]
 [ 271    0]]","              precision    recall  f1-score   support

           0       0.82      1.00      0.90      1263
           1       0.00      0.00      0.00       271

    accuracy                           0.82      1534
   macro avg       0.41      0.50      0.45      1534
weighted avg       0.68      0.82      0.74      1534
",0.2951068650569859,0.2971233211166404,0.6477344108357949,[0 0 0 ... 0 0 0],"[0.17666232 0.17712418 0.17805519 0.17935142 0.17945297 0.17876344
 0.17893315 0.1795393  0.18101093 0.18094585 0.18169305 0.18162983
 0.18194444 0.18296089 0.18328652 0.18484419 0.18479033 0.18539728
 0.18555957 0.18537292 0.18645302 0.18653987 0.18722467 0.18759232
 0.18814815 0.18852459 0.18707739 0.18712121 0.18797565 0.18883792
 0.19014627 0.19251754 0.19387755 0.19479495 0.19556611 0.19648562
 0.19726248 0.19854133 0.1990172  0.19950536 0.19950125 0.20033529
 0.20100925 0.20067739 0.20068318 0.20120898 0.2026087  0.20420684
 0.20528634 0.20569902 0.20575022 0.20708447 0.20917431 0.21150278
 0.21254682 0.21252372 0.2147651  0.21511628 0.2170088  0.21773399
 0.21934197 0.22088353 0.22267206 0.22380468 0.22540984 0.22717842
 0.22842105 0.22978723 0.23093448 0.23009815 0.22932745 0.2301676
 0.23111612 0.23287671 0.23271889 0.23317865 0.23557126 0.23718713
 0.23465704 0.23507917 0.23565324 0.23464373 0.23325062 0.23308271
 0.23634053 0.2368758  0.23901809 0.24342105 0.24533333 0.24563758
 0.24423338 0.2441701  0.24238227 0.24369748 0.24504249 0.24498567
 0.24602026 0.24525547 0.24375918 0.24553571 0.24437781 0.24434389
 0.24505327 0.24653313 0.2484375  0.25078864 0.25159236 0.25121556
 0.25122349 0.25496689 0.25546218 0.25811966 0.25728988 0.25694444
 0.25569177 0.25840708 0.26071429 0.2567325  0.25364964 0.25598527
 0.25512104 0.25703565 0.25806452 0.26003824 0.26407767 0.26510721
 0.26336634 0.262      0.2611336  0.26391753 0.26403326 0.26315789
 0.2611465  0.2639485  0.26419214 0.26651982 0.26444444 0.26923077
 0.26879271 0.26914153 0.26635514 0.26950355 0.26904762 0.27098321
 0.26923077 0.2745098  0.27339901 0.2761194  0.27889447 0.28101266
 0.28608247 0.28720627 0.28912467 0.288      0.28877005 0.29076087
 0.29201102 0.29261364 0.29226361 0.29565217 0.29737609 0.30059524
 0.3        0.29969419 0.30246914 0.30721003 0.31012658 0.31210191
 0.31391586 0.31493506 0.31353135 0.31       0.31208054 0.31313131
 0.30821918 0.30584192 0.30662021 0.30526316 0.30388693 0.30824373
 0.3032491  0.3099631  0.31086142 0.31203008 0.3151751  0.316
 0.31325301 0.31557377 0.31687243 0.31404959 0.31799163 0.31512605
 0.3164557  0.31779661 0.32467532 0.3231441  0.3215859  0.32300885
 0.32286996 0.3196347  0.31797235 0.31162791 0.31753555 0.31904762
 0.32057416 0.32682927 0.32352941 0.32338308 0.32663317 0.32828283
 0.33163265 0.33505155 0.328125   0.32978723 0.3315508  0.33333333
 0.34078212 0.33898305 0.34883721 0.35294118 0.35329341 0.35542169
 0.35365854 0.35582822 0.35802469 0.35849057 0.3566879  0.3525641
 0.35714286 0.36       0.36241611 0.35616438 0.34722222 0.35
 0.35251799 0.35294118 0.35338346 0.35877863 0.35433071 0.35483871
 0.3495935  0.35       0.34188034 0.34513274 0.34821429 0.33636364
 0.34259259 0.33962264 0.34285714 0.33653846 0.33980583 0.32673267
 0.33333333 0.33673469 0.34375    0.35106383 0.35483871 0.36263736
 0.37078652 0.375      0.37209302 0.37647059 0.36585366 0.35802469
 0.36708861 0.37179487 0.36363636 0.37837838 0.375      0.37681159
 0.39393939 0.4        0.40625    0.40322581 0.41666667 0.43103448
 0.42105263 0.42592593 0.45098039 0.42857143 0.41666667 0.42553191
 0.43478261 0.43181818 0.44186047 0.45238095 0.475      0.48717949
 0.5        0.5        0.51428571 0.5        0.53125    0.53333333
 0.51724138 0.53571429 0.53846154 0.56       0.58333333 0.60869565
 0.61904762 0.65       0.68421053 0.72222222 0.75       0.73333333
 0.71428571 0.69230769 0.66666667 0.6        0.66666667 0.625
 0.5        0.6        0.75       0.66666667 0.5        1.
 1.        ]","[1.         1.         1.         1.         0.99261993 0.98154982
 0.97785978 0.97785978 0.97785978 0.97416974 0.97416974 0.9704797
 0.96678967 0.96678967 0.96309963 0.96309963 0.95940959 0.95571956
 0.94833948 0.94464945 0.94464945 0.94095941 0.94095941 0.93726937
 0.93726937 0.93357934 0.91881919 0.91143911 0.91143911 0.91143911
 0.91143911 0.91143911 0.91143911 0.91143911 0.91143911 0.90774908
 0.90405904 0.90405904 0.89667897 0.89298893 0.88560886 0.88191882
 0.88191882 0.87453875 0.86715867 0.8597786  0.8597786  0.8597786
 0.8597786  0.85239852 0.84501845 0.84132841 0.84132841 0.84132841
 0.83763838 0.82656827 0.82656827 0.81918819 0.81918819 0.81549815
 0.81180812 0.81180812 0.81180812 0.81180812 0.81180812 0.80811808
 0.80073801 0.79704797 0.79335793 0.77859779 0.76752768 0.7601476
 0.75645756 0.75276753 0.74538745 0.74169742 0.73800738 0.73431734
 0.7195572  0.71217712 0.71217712 0.70479705 0.69372694 0.68634686
 0.68634686 0.68265683 0.68265683 0.68265683 0.67896679 0.67527675
 0.66420664 0.65682657 0.64575646 0.64206642 0.63837638 0.63099631
 0.62730627 0.6199262  0.61254613 0.60885609 0.60147601 0.59778598
 0.59409594 0.5904059  0.58671587 0.58671587 0.58302583 0.57195572
 0.56826568 0.56826568 0.56088561 0.55719557 0.55350554 0.54612546
 0.53874539 0.53874539 0.53874539 0.52767528 0.51291513 0.51291513
 0.50553506 0.50553506 0.50184502 0.50184502 0.50184502 0.50184502
 0.49077491 0.48339483 0.47601476 0.47232472 0.46863469 0.46125461
 0.45387454 0.45387454 0.44649446 0.44649446 0.43911439 0.43911439
 0.43542435 0.42804428 0.42066421 0.42066421 0.41697417 0.41697417
 0.41328413 0.41328413 0.4095941  0.4095941  0.4095941  0.4095941
 0.4095941  0.40590406 0.40221402 0.39852399 0.39852399 0.39483395
 0.39114391 0.3800738  0.37638376 0.37638376 0.37638376 0.37269373
 0.36531365 0.36162362 0.36162362 0.36162362 0.36162362 0.36162362
 0.35793358 0.35793358 0.35055351 0.34317343 0.34317343 0.34317343
 0.33210332 0.32841328 0.32472325 0.32103321 0.31734317 0.31734317
 0.3099631  0.3099631  0.30627306 0.30627306 0.29889299 0.29151292
 0.28782288 0.28413284 0.28413284 0.2804428  0.2804428  0.27675277
 0.27675277 0.27675277 0.27675277 0.27306273 0.26937269 0.26937269
 0.26568266 0.25830258 0.25461255 0.24723247 0.24723247 0.24723247
 0.24723247 0.24723247 0.24354244 0.2398524  0.2398524  0.2398524
 0.2398524  0.2398524  0.23247232 0.22878229 0.22878229 0.22509225
 0.22509225 0.22140221 0.22140221 0.22140221 0.21771218 0.21771218
 0.21402214 0.21402214 0.21402214 0.2103321  0.20664207 0.20295203
 0.20295203 0.19926199 0.19926199 0.19188192 0.18450185 0.18081181
 0.18081181 0.17712177 0.17343173 0.17343173 0.16605166 0.16236162
 0.15867159 0.15498155 0.14760148 0.14391144 0.14391144 0.13653137
 0.13653137 0.13284133 0.13284133 0.12915129 0.12915129 0.12177122
 0.12177122 0.12177122 0.12177122 0.12177122 0.12177122 0.12177122
 0.12177122 0.12177122 0.11808118 0.11808118 0.11070111 0.10701107
 0.10701107 0.10701107 0.10332103 0.10332103 0.099631   0.09594096
 0.09594096 0.09594096 0.09594096 0.09225092 0.09225092 0.09225092
 0.08856089 0.08487085 0.08487085 0.07749077 0.07380074 0.07380074
 0.07380074 0.0701107  0.0701107  0.0701107  0.0701107  0.0701107
 0.0701107  0.06642066 0.06642066 0.06273063 0.06273063 0.05904059
 0.05535055 0.05535055 0.05166052 0.05166052 0.05166052 0.05166052
 0.04797048 0.04797048 0.04797048 0.04797048 0.04428044 0.04059041
 0.03690037 0.03321033 0.0295203  0.02214022 0.02214022 0.01845018
 0.01107011 0.01107011 0.01107011 0.00738007 0.00369004 0.00369004
 0.        ]","[0.    0.001 0.002 0.003 0.004 0.005 0.006 0.007 0.008 0.009 0.01  0.011
 0.012 0.013 0.014 0.015 0.016 0.017 0.018 0.019 0.02  0.021 0.022 0.023
 0.024 0.025 0.026 0.027 0.028 0.029 0.03  0.031 0.032 0.033 0.034 0.035
 0.036 0.037 0.038 0.039 0.04  0.041 0.042 0.043 0.044 0.045 0.046 0.047
 0.048 0.049 0.05  0.051 0.052 0.053 0.054 0.055 0.056 0.057 0.058 0.059
 0.06  0.061 0.062 0.063 0.064 0.065 0.066 0.067 0.068 0.069 0.07  0.071
 0.072 0.073 0.074 0.075 0.076 0.077 0.078 0.079 0.08  0.081 0.082 0.083
 0.084 0.085 0.086 0.087 0.088 0.089 0.09  0.091 0.092 0.093 0.094 0.095
 0.096 0.097 0.098 0.099 0.1   0.101 0.102 0.103 0.104 0.105 0.106 0.107
 0.108 0.109 0.11  0.111 0.112 0.113 0.114 0.115 0.116 0.117 0.118 0.119
 0.12  0.121 0.122 0.123 0.124 0.125 0.126 0.127 0.128 0.129 0.13  0.131
 0.132 0.133 0.134 0.135 0.136 0.137 0.138 0.139 0.14  0.142 0.143 0.144
 0.145 0.146 0.147 0.148 0.149 0.15  0.151 0.152 0.153 0.154 0.155 0.156
 0.157 0.158 0.159 0.16  0.162 0.163 0.164 0.165 0.166 0.167 0.168 0.169
 0.17  0.171 0.172 0.173 0.175 0.176 0.177 0.178 0.179 0.18  0.181 0.182
 0.183 0.184 0.185 0.186 0.188 0.189 0.191 0.192 0.193 0.194 0.195 0.196
 0.197 0.198 0.199 0.2   0.201 0.202 0.203 0.204 0.205 0.206 0.207 0.208
 0.209 0.21  0.211 0.212 0.214 0.215 0.216 0.217 0.218 0.219 0.22  0.221
 0.222 0.223 0.224 0.225 0.226 0.227 0.228 0.229 0.23  0.231 0.232 0.233
 0.234 0.235 0.236 0.239 0.24  0.242 0.244 0.245 0.247 0.248 0.251 0.252
 0.253 0.254 0.255 0.256 0.257 0.258 0.259 0.26  0.261 0.262 0.263 0.264
 0.265 0.266 0.267 0.269 0.27  0.271 0.272 0.273 0.274 0.276 0.277 0.278
 0.279 0.28  0.281 0.284 0.285 0.287 0.288 0.289 0.29  0.291 0.292 0.293
 0.295 0.296 0.298 0.302 0.306 0.307 0.308 0.311 0.312 0.313 0.314 0.315
 0.316 0.317 0.318 0.323 0.326 0.329 0.331 0.332 0.333 0.334 0.34  0.341
 0.343 0.345 0.352 0.353 0.359 0.363 0.371 0.373 0.376 0.39  0.391 0.4
 0.404 0.406 0.422 0.425 0.43  0.444]","0       0
1       0
2       0
3       0
4       0
       ..
1529    0
1530    0
1531    0
1532    0
1533    0
Name: usability_label, Length: 1534, dtype: int64",only vec
