project,level,model,estimator_class,variant,directly_comparable,auc_prc,average_precision,accuracy,roc_auc
Apache,5,RF,RandomForestClassifier,published_historical_reference,False,0.2045097607816788,0.208118160822107,0.8762214983713354,0.6555194678145178
Apache,5,XGboost,GradientBoostingClassifier,published_historical_reference,False,0.18389222904802,0.1873307166454371,0.8762214983713354,0.6257562120915672
Apache,5,NN,MLPClassifier,published_historical_reference,False,0.1436507603322908,0.1454411457267737,0.8762214983713354,0.564147916259049
Apache,10,RF,RandomForestClassifier,published_historical_reference,False,0.1231517019609542,0.1255608811689805,0.923127035830619,0.6659928471466334
Apache,10,XGboost,GradientBoostingClassifier,published_historical_reference,False,0.1201760314133482,0.1236263336272972,0.923127035830619,0.6370465174694688
Apache,10,NN,MLPClassifier,published_historical_reference,False,0.0861930476811912,0.088425007501862,0.8781758957654723,0.5075535566905494
Apache,15,RF,RandomForestClassifier,published_historical_reference,False,0.0955355966455099,0.0987887972849491,0.9472312703583062,0.705236300032265
Apache,15,XGboost,GradientBoostingClassifier,published_historical_reference,False,0.0832968198317729,0.0860120265168136,0.9472312703583062,0.6482245656936165
Apache,15,NN,MLPClassifier,published_historical_reference,False,0.0631462079574712,0.0651521655840579,0.9472312703583062,0.5310085417834157
Apache,20,RF,RandomForestClassifier,published_historical_reference,False,0.0663491370958029,0.0692715492645895,0.9615635179153096,0.6935602406871526
Apache,20,XGboost,GradientBoostingClassifier,published_historical_reference,False,0.0661480941581356,0.0696840213819419,0.9602605863192184,0.6979238436452161
Apache,20,NN,MLPClassifier,published_historical_reference,False,0.0575079763963087,0.0601845015096163,0.9237785016286644,0.6002021037159523
Hyperledger,5,RF,RandomForestClassifier,published_historical_reference,False,0.2933323394057668,0.2976158313396801,0.8153526970954357,0.6618272669589295
Hyperledger,5,XGboost,GradientBoostingClassifier,published_historical_reference,False,0.2833614908969417,0.2880884659062446,0.8163900414937759,0.6560769497000462
Hyperledger,5,NN,MLPClassifier,published_historical_reference,False,0.2952116703219885,0.2999430873262789,0.8174273858921162,0.6478570604522381
Hyperledger,10,RF,RandomForestClassifier,published_historical_reference,False,0.2713921902994525,0.2770179556735291,0.8516597510373444,0.6869367053904939
Hyperledger,10,XGboost,GradientBoostingClassifier,published_historical_reference,False,0.2647043560055839,0.2702007971366436,0.8547717842323651,0.6673434769199136
Hyperledger,10,NN,MLPClassifier,published_historical_reference,False,0.2521086023954185,0.2577103054038452,0.8526970954356846,0.642421438607313
Hyperledger,15,RF,RandomForestClassifier,published_historical_reference,False,0.2522425872405763,0.257861696983908,0.8724066390041494,0.6948619602040419
Hyperledger,15,XGboost,GradientBoostingClassifier,published_historical_reference,False,0.244977227872285,0.2512745132333048,0.8724066390041494,0.6846501304466336
Hyperledger,15,NN,MLPClassifier,published_historical_reference,False,0.2350282061264857,0.2412962773824129,0.8734439834024896,0.6529048713056346
Hyperledger,20,RF,RandomForestClassifier,published_historical_reference,False,0.2165746703623636,0.2224262617473461,0.8827800829875518,0.6977699530516432
Hyperledger,20,XGboost,GradientBoostingClassifier,published_historical_reference,False,0.2324660571720372,0.2391084725710691,0.8827800829875518,0.700002095908786
Hyperledger,20,NN,MLPClassifier,published_historical_reference,False,0.2193429130572526,0.2260116691682486,0.8838174273858921,0.6368523641851105
IntelDAOS,5,RF,RandomForestClassifier,published_historical_reference,False,0.240874852204021,0.2514645868811388,0.9069069069069068,0.6715116279069767
IntelDAOS,5,XGboost,GradientBoostingClassifier,published_historical_reference,False,0.192137654969619,0.2097005143552074,0.9039039039039038,0.6605066445182726
IntelDAOS,5,NN,MLPClassifier,published_historical_reference,False,0.0762034916417491,0.0817968080206543,0.9039039039039038,0.3472799003322259
IntelDAOS,10,RF,RandomForestClassifier,published_historical_reference,False,0.1870247912007088,0.2047720855058375,0.9129129129129128,0.720508166969147
IntelDAOS,10,XGboost,GradientBoostingClassifier,published_historical_reference,False,0.1698460859829401,0.187848856947485,0.9129129129129128,0.6810344827586207
IntelDAOS,10,NN,MLPClassifier,published_historical_reference,False,0.0730789022197726,0.0790456675403422,0.9129129129129128,0.3652450090744102
IntelDAOS,15,RF,RandomForestClassifier,published_historical_reference,False,0.234707632353168,0.2467717824944997,0.927927927927928,0.7661812297734628
IntelDAOS,15,XGboost,GradientBoostingClassifier,published_historical_reference,False,0.2892716658428682,0.2989238481968632,0.927927927927928,0.8025889967637541
IntelDAOS,15,NN,MLPClassifier,published_historical_reference,False,0.0482620193131797,0.0520711440323093,0.927927927927928,0.296655879180151
IntelDAOS,20,RF,RandomForestClassifier,published_historical_reference,False,0.2205138492884468,0.2329460318726577,0.933933933933934,0.7410114001753874
IntelDAOS,20,XGboost,GradientBoostingClassifier,published_historical_reference,False,0.1976471008950875,0.2086827970790577,0.9369369369369368,0.6971645717626425
IntelDAOS,20,NN,MLPClassifier,published_historical_reference,False,0.0443295269178262,0.0479661689760626,0.933933933933934,0.3015200233849751
Jira,5,RF,RandomForestClassifier,published_historical_reference,False,0.7930972403443909,0.7940160027151922,0.6981132075471698,0.7947668209327161
Jira,5,XGboost,GradientBoostingClassifier,published_historical_reference,False,0.7998605103123319,0.8006074386656636,0.6886792452830188,0.7929670503540207
Jira,5,NN,MLPClassifier,published_historical_reference,False,0.6928829091856717,0.6948873061995988,0.6792452830188679,0.7036905185712591
Jira,10,RF,RandomForestClassifier,published_historical_reference,False,0.7867945174901825,0.7878981902950162,0.7232704402515723,0.8041592394533571
Jira,10,XGboost,GradientBoostingClassifier,published_historical_reference,False,0.7972257485892688,0.7981118700534791,0.7232704402515723,0.8108932461873639
Jira,10,NN,MLPClassifier,published_historical_reference,False,0.7052620888761195,0.7068156849855052,0.6761006289308176,0.7267181620122798
Jira,15,RF,RandomForestClassifier,published_historical_reference,False,0.7645350582723128,0.7664099043567765,0.7075471698113207,0.8012787419085818
Jira,15,XGboost,GradientBoostingClassifier,published_historical_reference,False,0.752701697387008,0.7548011578807494,0.720125786163522,0.7936936579166831
Jira,15,NN,MLPClassifier,published_historical_reference,False,0.6576438299381856,0.6607457385583705,0.6572327044025157,0.7149438068384893
Jira,20,RF,RandomForestClassifier,published_historical_reference,False,0.1789744982867163,0.1884579991296792,0.8742138364779874,0.6031614741292161
Jira,20,XGboost,GradientBoostingClassifier,published_historical_reference,False,0.1675952090903247,0.1759744526108456,0.8710691823899371,0.5730171859204116
Jira,20,NN,MLPClassifier,published_historical_reference,False,0.1672447623084756,0.1783578263539064,0.8773584905660378,0.553349875930521
MariaDB,5,RF,RandomForestClassifier,published_historical_reference,False,0.1771874348638113,0.1834257575731722,0.8492462311557789,0.5531065088757396
MariaDB,5,XGboost,GradientBoostingClassifier,published_historical_reference,False,0.1514996864249863,0.1564650097737093,0.8492462311557789,0.5035996055226825
MariaDB,5,NN,MLPClassifier,published_historical_reference,False,0.152179458760364,0.1595137393841044,0.8492462311557789,0.5013313609467456
MariaDB,10,RF,RandomForestClassifier,published_historical_reference,False,0.1458056661217328,0.1562742556280357,0.8919597989949749,0.5624631509990174
MariaDB,10,XGboost,GradientBoostingClassifier,published_historical_reference,False,0.1023788725419595,0.1068451194016435,0.8919597989949749,0.4888306583688175
MariaDB,10,NN,MLPClassifier,published_historical_reference,False,0.0943191726345292,0.0993077151427927,0.8919597989949749,0.4526039960694399
MariaDB,15,RF,RandomForestClassifier,published_historical_reference,False,0.1179978583865651,0.1315802067935947,0.9170854271356784,0.6262349522623496
MariaDB,15,XGboost,GradientBoostingClassifier,published_historical_reference,False,0.106857809259333,0.1134277918516227,0.9170854271356784,0.6054794520547945
MariaDB,15,NN,MLPClassifier,published_historical_reference,False,0.0702699423669626,0.0753773716094645,0.9170854271356784,0.4384391863843918
MariaDB,20,RF,RandomForestClassifier,published_historical_reference,False,0.1742968387445931,0.1798545807195858,0.9296482412060302,0.6288127413127412
MariaDB,20,XGboost,GradientBoostingClassifier,published_historical_reference,False,0.1408050836547286,0.1470424006845117,0.9296482412060302,0.6598455598455598
MariaDB,20,NN,MLPClassifier,published_historical_reference,False,0.0578668303560609,0.0633693199713194,0.9296482412060302,0.4191119691119691
Qt,5,RF,RandomForestClassifier,published_historical_reference,False,0.2289099921523029,0.2356057932923508,0.908353609083536,0.709134007585335
Qt,5,XGboost,GradientBoostingClassifier,published_historical_reference,False,0.2006680947912396,0.2036980530477993,0.908353609083536,0.6274889380530975
Qt,5,NN,MLPClassifier,published_historical_reference,False,0.2072419630502792,0.2128924544774033,0.908353609083536,0.6489649178255373
Qt,10,RF,RandomForestClassifier,published_historical_reference,False,0.1399704767063439,0.146838279495214,0.9537712895377128,0.7582610146862483
Qt,10,XGboost,GradientBoostingClassifier,published_historical_reference,False,0.1128646836500187,0.1197560399545228,0.9545823195458232,0.7404114577011773
Qt,10,NN,MLPClassifier,published_historical_reference,False,0.09093716976788,0.0975874587311806,0.9545823195458232,0.6079014443500425
Qt,15,RF,RandomForestClassifier,published_historical_reference,False,0.1607447907548689,0.175686686301945,0.9683698296836984,0.805909891337027
Qt,15,XGboost,GradientBoostingClassifier,published_historical_reference,False,0.094991212371484,0.1035249541058127,0.9683698296836984,0.773719022462741
Qt,15,NN,MLPClassifier,published_historical_reference,False,0.0843032845009738,0.0945598938967909,0.9683698296836984,0.620688914658764
Qt,20,RF,RandomForestClassifier,published_historical_reference,False,0.127685357322956,0.1444362927239395,0.975669099756691,0.8061512884455527
Qt,20,XGboost,GradientBoostingClassifier,published_historical_reference,False,0.1332848130909386,0.1404784968347504,0.975669099756691,0.7831809365475201
Qt,20,NN,MLPClassifier,published_historical_reference,False,0.072967709516185,0.0847272110143598,0.975669099756691,0.6334164588528679
