project,protocol,level,model,estimator_class,variant,test_row_ids_sha256,threshold,row_count,positive_count,positive_rate,accuracy,balanced_accuracy,precision,recall,f1,confusion_matrix,average_precision,roc_auc,auc_prc
all,pooled,5,RF,RandomForestClassifier,baseline,181521dbae0ae27219420d0a5f878caae34cbec6dc080320464dd70b99ea709f,0.19,4765,504,0.10577124868835257,0.7863588667366211,0.5175356127744065,0.12861271676300579,0.1765873015873016,0.14882943143812707,"[[3658, 603], [415, 89]]",0.13521031398765176,0.5857209444835589,0.13408669194339468
all,pooled,5,RF,RandomForestClassifier,refactored,181521dbae0ae27219420d0a5f878caae34cbec6dc080320464dd70b99ea709f,0.35999999999999993,4765,504,0.10577124868835257,0.8182581322140609,0.5240004395719017,0.14785992217898833,0.15079365079365079,0.14931237721021612,"[[3823, 438], [428, 76]]",0.14442457223522223,0.5950364695670962,0.14320106957613504
all,pooled,5,XGboost,GradientBoostingClassifier,baseline,181521dbae0ae27219420d0a5f878caae34cbec6dc080320464dd70b99ea709f,0.18,4765,504,0.10577124868835257,0.8090241343126967,0.5328328546469827,0.15593220338983052,0.18253968253968253,0.16819012797074953,"[[3763, 498], [412, 92]]",0.1484012515400372,0.6137916149797163,0.14701492467332153
all,pooled,5,XGboost,GradientBoostingClassifier,refactored,181521dbae0ae27219420d0a5f878caae34cbec6dc080320464dd70b99ea709f,0.43999999999999995,4765,504,0.10577124868835257,0.6923399790136411,0.5611850094805974,0.1463235294117647,0.3948412698412698,0.21351931330472104,"[[3100, 1161], [305, 199]]",0.14622709303586773,0.6173724496448035,0.14522604359063926
all,pooled,5,NN,MLPClassifier,baseline,181521dbae0ae27219420d0a5f878caae34cbec6dc080320464dd70b99ea709f,0.14999999999999997,4765,504,0.10577124868835257,0.7922350472193075,0.5138234653166595,0.125,0.16071428571428573,0.14062500000000003,"[[3694, 567], [423, 81]]",0.13064705003265728,0.507740004395719,0.1298112950092397
all,pooled,5,NN,MLPClassifier,refactored,181521dbae0ae27219420d0a5f878caae34cbec6dc080320464dd70b99ea709f,0.10999999999999999,4765,504,0.10577124868835257,0.7429171038824763,0.515988263802744,0.12092534174553102,0.22817460317460317,0.15807560137457044,"[[3425, 836], [389, 115]]",0.11581459997500092,0.4997974430325991,0.11496473692606904
all,pooled,10,RF,RandomForestClassifier,baseline,181521dbae0ae27219420d0a5f878caae34cbec6dc080320464dd70b99ea709f,0.18,4765,325,0.06820566631689402,0.8679958027282266,0.519948024948025,0.1,0.11692307692307692,0.1078014184397163,"[[4098, 342], [287, 38]]",0.10141718745393818,0.6248582813582814,0.09986088969719606
all,pooled,10,RF,RandomForestClassifier,refactored,181521dbae0ae27219420d0a5f878caae34cbec6dc080320464dd70b99ea709f,0.33999999999999997,4765,325,0.06820566631689402,0.8654774396642183,0.5285776160776161,0.11083743842364532,0.13846153846153847,0.12311901504787963,"[[4079, 361], [280, 45]]",0.10504356784098379,0.6411344421344422,0.10341875564121582
all,pooled,10,XGboost,GradientBoostingClassifier,baseline,181521dbae0ae27219420d0a5f878caae34cbec6dc080320464dd70b99ea709f,0.14999999999999997,4765,325,0.06820566631689402,0.8537250786988457,0.5408073458073458,0.11885245901639344,0.17846153846153845,0.14268142681426815,"[[4010, 430], [267, 58]]",0.10852167417007821,0.6472813582813582,0.10736579881972057
all,pooled,10,XGboost,GradientBoostingClassifier,refactored,181521dbae0ae27219420d0a5f878caae34cbec6dc080320464dd70b99ea709f,0.5499999999999999,4765,325,0.06820566631689402,0.8379853095487932,0.5195287595287595,0.08990825688073395,0.15076923076923077,0.11264367816091954,"[[3944, 496], [276, 49]]",0.10317826680478742,0.6469258489258489,0.10153897637795058
all,pooled,10,NN,MLPClassifier,baseline,181521dbae0ae27219420d0a5f878caae34cbec6dc080320464dd70b99ea709f,0.14999999999999997,4765,325,0.06820566631689402,0.8472193074501574,0.5387422037422037,0.11324376199616124,0.18153846153846154,0.13947990543735223,"[[3978, 462], [266, 59]]",0.09309775381815072,0.5721212751212751,0.09132900204735339
all,pooled,10,NN,MLPClassifier,refactored,181521dbae0ae27219420d0a5f878caae34cbec6dc080320464dd70b99ea709f,0.10999999999999999,4765,325,0.06820566631689402,0.8732423924449108,0.5313184338184338,0.11989100817438691,0.13538461538461538,0.12716763005780346,"[[4117, 323], [281, 44]]",0.1065345021729594,0.60197920997921,0.1049507931835707
all,pooled,15,RF,RandomForestClassifier,baseline,181521dbae0ae27219420d0a5f878caae34cbec6dc080320464dd70b99ea709f,0.14999999999999997,4765,240,0.05036726128016789,0.8799580272822666,0.5343370165745857,0.0891089108910891,0.15,0.11180124223602485,"[[4157, 368], [204, 36]]",0.08678919973563928,0.6695193370165746,0.08519152533688826
all,pooled,15,RF,RandomForestClassifier,refactored,181521dbae0ae27219420d0a5f878caae34cbec6dc080320464dd70b99ea709f,0.31999999999999995,4765,240,0.05036726128016789,0.8856243441762854,0.5294290976058932,0.08672086720867209,0.13333333333333333,0.10509031198686372,"[[4188, 337], [208, 32]]",0.08543392068095307,0.6761726519337017,0.08376238571707453
all,pooled,15,XGboost,GradientBoostingClassifier,baseline,181521dbae0ae27219420d0a5f878caae34cbec6dc080320464dd70b99ea709f,0.15999999999999998,4765,240,0.05036726128016789,0.8621196222455404,0.5091620626151013,0.05919661733615222,0.11666666666666667,0.0785413744740533,"[[4080, 445], [212, 28]]",0.07743454453312912,0.6626680478821363,0.07575253362559936
all,pooled,15,XGboost,GradientBoostingClassifier,refactored,181521dbae0ae27219420d0a5f878caae34cbec6dc080320464dd70b99ea709f,0.6499999999999999,4765,240,0.05036726128016789,0.9152151101783841,0.5114709944751381,0.07731958762886598,0.0625,0.06912442396313365,"[[4346, 179], [225, 15]]",0.08681663884197519,0.6809562615101289,0.08560305222275916
all,pooled,15,NN,MLPClassifier,baseline,181521dbae0ae27219420d0a5f878caae34cbec6dc080320464dd70b99ea709f,0.05,4765,240,0.05036726128016789,0.8560335781741868,0.5335773480662983,0.07924528301886792,0.175,0.10909090909090909,"[[4037, 488], [198, 42]]",0.07711960056751868,0.5940165745856354,0.07547260464725383
all,pooled,15,NN,MLPClassifier,refactored,181521dbae0ae27219420d0a5f878caae34cbec6dc080320464dd70b99ea709f,0.41999999999999993,4765,240,0.05036726128016789,0.8818467995802728,0.5215216390423573,0.07611548556430446,0.12083333333333333,0.09339774557165861,"[[4173, 352], [211, 29]]",0.07832704944253258,0.5780497237569061,0.07731807106926766
all,pooled,20,RF,RandomForestClassifier,baseline,181521dbae0ae27219420d0a5f878caae34cbec6dc080320464dd70b99ea709f,0.21999999999999997,4765,191,0.04008394543546694,0.9353620146904512,0.52985460730695,0.11258278145695365,0.08900523560209424,0.09941520467836258,"[[4440, 134], [174, 17]]",0.07894981726166406,0.6674620035392396,0.07747347765366824
all,pooled,20,RF,RandomForestClassifier,refactored,181521dbae0ae27219420d0a5f878caae34cbec6dc080320464dd70b99ea709f,0.35999999999999993,4765,191,0.04008394543546694,0.9273871983210913,0.5257006938832509,0.08994708994708994,0.08900523560209424,0.08947368421052632,"[[4402, 172], [174, 17]]",0.07806557777502035,0.682131762271157,0.07649396658360672
all,pooled,20,XGboost,GradientBoostingClassifier,baseline,181521dbae0ae27219420d0a5f878caae34cbec6dc080320464dd70b99ea709f,0.13999999999999999,4765,191,0.04008394543546694,0.9137460650577125,0.5436801910182067,0.09854014598540146,0.14136125654450263,0.11612903225806451,"[[4327, 247], [164, 27]]",0.07931628612203584,0.7027158970461315,0.07672378503169253
all,pooled,20,XGboost,GradientBoostingClassifier,refactored,181521dbae0ae27219420d0a5f878caae34cbec6dc080320464dd70b99ea709f,0.6499999999999999,4765,191,0.04008394543546694,0.910598111227702,0.5395320008149865,0.09059233449477352,0.13612565445026178,0.1087866108786611,"[[4313, 261], [165, 26]]",0.07574870743845265,0.6904704945091422,0.07357004958455021
all,pooled,20,NN,MLPClassifier,baseline,181521dbae0ae27219420d0a5f878caae34cbec6dc080320464dd70b99ea709f,0.13,4765,191,0.04008394543546694,0.9137460650577125,0.5211038031944728,0.0703125,0.09424083769633508,0.08053691275167786,"[[4336, 238], [173, 18]]",0.07946063233877934,0.6514844889278577,0.07671668436431352
all,pooled,20,NN,MLPClassifier,refactored,181521dbae0ae27219420d0a5f878caae34cbec6dc080320464dd70b99ea709f,0.13999999999999999,4765,191,0.04008394543546694,0.9147953830010493,0.5367012959660452,0.09125475285171103,0.1256544502617801,0.10572687224669602,"[[4335, 239], [167, 24]]",0.06754279774853031,0.6269456088018552,0.06608198374296814
