project_key,usability_label,Model,feature_importance,accuracy,confusion_matrix,classification_report,area_under_pre_recall_curve,avg_precision,area_under_roc_curve,y_pred,precision,recall,thresholds
Qt,is_change_text_num_words_10,RF,"len_description                           0.127356
num_sentences                             0.096672
len_sum_desc                              0.094594
num_words                                 0.094246
ratio_unusable_issues_text_by_previous    0.058096
11                                        0.044052
6                                         0.042194
num_stopwords                             0.041114
14                                        0.037483
9                                         0.036356
1                                         0.028719
10                                        0.027981
12                                        0.027660
8                                         0.027543
avg_num_word_in_sentence                  0.025055
5                                         0.023034
0                                         0.021682
num_issues_cretor_prev                    0.020802
3                                         0.020575
4                                         0.020023
2                                         0.018662
13                                        0.017370
avg_word_len                              0.014272
7                                         0.013290
time_until_add_sprint                     0.008132
num_changes_text_before_sprint            0.003633
has_url                                   0.002949
num_question_marks                        0.002541
original_story_points_sprint              0.002464
dominant_topic_1                          0.001452
relates                                   0.000000
duplicate_by                              0.000000
num_headlines                             0.000000
duplicate                                 0.000000
priority                                  0.000000
has_template                              0.000000
has_acceptance_criteria                   0.000000
if_acceptance_empty_tbd                   0.000000
len_acceptance                            0.000000
has_tbd                                   0.000000
has_please                                0.000000
if_description_empty_tbd                  0.000000
num_comments_before_sprint                0.000000
block_by                                  0.000000
num_changes_story_point_before_sprint     0.000000
noun_count                                0.000000
has_code                                  0.000000
adj_count                                 0.000000
adv_count                                 0.000000
pron_count                                0.000000
block                                     0.000000
verb_count                                0.000000
dtype: float64",0.8386050283860503,"[[533.21750212  83.28249788]
 [440.35714286 176.14285714]]","              precision    recall  f1-score   support

           0       0.55      0.86      0.67 616.5000000000019
           1       0.68      0.29      0.40 616.4999999999997

    accuracy                           0.58 1233.0000000000016
   macro avg       0.61      0.58      0.54 1233.0000000000016
weighted avg       0.61      0.58      0.54 1233.0000000000016
",0.7131207910532187,0.7177313017146172,0.7273030707610147,[0 0 0 ... 0 0 0],[0.5        0.50021249 0.50042517 ... 0.95458232 1.         1.        ],[1.         1.         1.         ... 0.01785714 0.01785714 0.        ],[0.03891914 0.03900854 0.03995273 ... 0.66158731 0.66583364 0.666237  ]
Qt,is_change_text_num_words_10,XGboost,"len_description                           5.895209e-02
len_sum_desc                              5.579484e-02
ratio_unusable_issues_text_by_previous    4.851154e-02
9                                         4.608262e-02
num_words                                 4.512406e-02
14                                        4.499095e-02
10                                        4.432748e-02
4                                         4.321687e-02
5                                         4.234286e-02
12                                        4.066387e-02
6                                         4.024353e-02
13                                        3.928428e-02
11                                        3.896269e-02
8                                         3.776111e-02
num_stopwords                             3.659481e-02
2                                         3.653430e-02
0                                         3.626485e-02
3                                         3.584733e-02
num_issues_cretor_prev                    3.208845e-02
1                                         3.202222e-02
7                                         3.198899e-02
avg_num_word_in_sentence                  3.086120e-02
avg_word_len                              3.056929e-02
num_sentences                             2.978131e-02
time_until_add_sprint                     1.847995e-02
original_story_points_sprint              6.724869e-03
num_changes_text_before_sprint            5.812458e-03
has_url                                   2.528536e-03
num_question_marks                        2.024533e-03
block_by                                  1.804275e-03
dominant_topic_1                          1.462330e-03
has_tbd                                   1.117710e-03
has_template                              7.791754e-04
relates                                   1.691166e-04
num_headlines                             1.102794e-04
duplicate                                 6.680236e-05
duplicate_by                              5.737456e-05
num_changes_story_point_before_sprint     4.764173e-05
has_please                                3.303259e-06
has_acceptance_criteria                   1.142037e-07
pron_count                                0.000000e+00
adv_count                                 0.000000e+00
adj_count                                 0.000000e+00
has_code                                  0.000000e+00
noun_count                                0.000000e+00
block                                     0.000000e+00
num_comments_before_sprint                0.000000e+00
priority                                  0.000000e+00
if_description_empty_tbd                  0.000000e+00
len_acceptance                            0.000000e+00
if_acceptance_empty_tbd                   0.000000e+00
verb_count                                0.000000e+00
dtype: float64",0.9545823195458232,"[[616.5   0. ]
 [616.5   0. ]]","              precision    recall  f1-score   support

           0       0.50      1.00      0.67 616.5000000000019
           1       0.00      0.00      0.00 616.4999999999997

    accuracy                           0.50 1233.0000000000016
   macro avg       0.25      0.50      0.33 1233.0000000000016
weighted avg       0.25      0.50      0.33 1233.0000000000016
",0.7253789905160385,0.738443663994536,0.7405328316543269,[0 0 0 ... 0 0 0],[0.5        0.50021249 0.50042517 ... 0.         0.         1.        ],[1. 1. 1. ... 0. 0. 0.],"[2.01950282e-08 2.09703995e-08 2.14978717e-08 ... 1.72990333e-01
 1.93743234e-01 3.67888390e-01]"
Qt,is_change_text_num_words_10,NN,[],0.8961881589618816,"[[1093   84]
 [  44   12]]","              precision    recall  f1-score   support

           0       0.96      0.93      0.94      1177
           1       0.12      0.21      0.16        56

    accuracy                           0.90      1233
   macro avg       0.54      0.57      0.55      1233
weighted avg       0.92      0.90      0.91      1233
",0.07788588813390979,0.08169110212712492,0.6437522757616216,[0 0 0 ... 0 0 0],[0.04541768 0.04545455 0.04549147 ... 0.         0.         1.        ],[1. 1. 1. ... 0. 0. 0.],"[6.79430357e-08 1.16761607e-06 1.20212396e-06 ... 9.99933951e-01
 9.99980153e-01 9.99996298e-01]"
Qt,is_change_text_num_words_10,Empty,[],0.9529602595296026,"[[1175    2]
 [  56    0]]","              precision    recall  f1-score   support

           0       0.95      1.00      0.98      1177
           1       0.00      0.00      0.00        56

    accuracy                           0.95      1233
   macro avg       0.48      0.50      0.49      1233
weighted avg       0.91      0.95      0.93      1233
",0.0227088402270884,0.0454176804541768,0.49915038232795245,"0       0
1       0
2       0
3       0
4       0
       ..
1228    0
1229    0
1230    0
1231    0
1232    0
Name: label_is_empty, Length: 1233, dtype: int64",[0.04541768 0.         1.        ],[1. 0. 0.],[0. 1.]
Qt,is_change_text_num_words_10,Zero,[],0.9545823195458232,"[[1177    0]
 [  56    0]]","              precision    recall  f1-score   support

           0       0.95      1.00      0.98      1177
           1       0.00      0.00      0.00        56

    accuracy                           0.95      1233
   macro avg       0.48      0.50      0.49      1233
weighted avg       0.91      0.95      0.93      1233
",0.5227088402270884,0.0454176804541768,0.5,"0       0
1       0
2       0
3       0
4       0
       ..
1228    0
1229    0
1230    0
1231    0
1232    0
Name: all, Length: 1233, dtype: int64",[0.04541768 1.        ],[1. 0.],[0.]
Qt,is_change_text_num_words_10,Random,[],0.49148418491484186,"[[578 599]
 [ 28  28]]","              precision    recall  f1-score   support

           0       0.95      0.49      0.65      1177
           1       0.04      0.50      0.08        56

    accuracy                           0.49      1233
   macro avg       0.50      0.50      0.37      1233
weighted avg       0.91      0.49      0.62      1233
",0.04198120429037827,0.043676860371278964,0.4666069911397014,"0       0
1       1
2       0
3       0
4       1
       ..
1228    1
1229    0
1230    1
1231    0
1232    1
Name: pred, Length: 1233, dtype: int64",[0.04541768 0.04545455 0.04549147 ... 0.         0.         1.        ],[1. 1. 1. ... 0. 0. 0.],"[7.42597181e-04 8.12598352e-04 1.99047515e-03 ... 9.97873558e-01
 9.98249379e-01 9.99806278e-01]"
