project_key,usability_label,Model,feature_importance,accuracy,confusion_matrix,classification_report,area_under_pre_recall_curve,avg_precision,area_under_roc_curve,y_pred,precision,recall,thresholds
MariaDB,is_change_text_num_words_20,RF,"ratio_unusable_issues_text_by_previous    0.067474
avg_num_word_in_sentence                  0.046897
4                                         0.041976
19                                        0.039622
11                                        0.038835
len_description                           0.037337
17                                        0.037070
14                                        0.034754
len_sum_desc                              0.034259
8                                         0.034093
15                                        0.033126
num_words                                 0.032506
6                                         0.031695
1                                         0.030814
12                                        0.029822
num_stopwords                             0.029447
5                                         0.029350
16                                        0.029120
18                                        0.029069
num_sentences                             0.028695
avg_word_len                              0.028026
13                                        0.027687
num_issues_cretor_prev                    0.027566
0                                         0.026668
10                                        0.026535
7                                         0.026298
time_until_add_sprint                     0.024039
2                                         0.023152
9                                         0.021865
3                                         0.020893
priority                                  0.009252
num_headlines                             0.006962
num_changes_text_before_sprint            0.003820
dominant_topic_1                          0.003501
relates                                   0.002149
num_question_marks                        0.001689
block_by                                  0.001023
has_please                                0.000970
has_url                                   0.000864
block                                     0.000552
duplicate                                 0.000313
has_tbd                                   0.000178
duplicate_by                              0.000035
has_template                              0.000000
has_acceptance_criteria                   0.000000
if_acceptance_empty_tbd                   0.000000
len_acceptance                            0.000000
num_changes_story_point_before_sprint     0.000000
if_description_empty_tbd                  0.000000
num_comments_before_sprint                0.000000
original_story_points_sprint              0.000000
noun_count                                0.000000
verb_count                                0.000000
adj_count                                 0.000000
has_code                                  0.000000
pron_count                                0.000000
adv_count                                 0.000000
dtype: float64",0.9296482412060302,"[[370   0]
 [ 28   0]]","              precision    recall  f1-score   support

           0       0.93      1.00      0.96       370
           1       0.00      0.00      0.00        28

    accuracy                           0.93       398
   macro avg       0.46      0.50      0.48       398
weighted avg       0.86      0.93      0.90       398
",0.17429683874459312,0.17985458071958582,0.6288127413127412,"[0 0 0 0 0 0 0 0 0 0 0 0 0 0 0 0 0 0 0 0 0 0 0 0 0 0 0 0 0 0 0 0 0 0 0 0 0
 0 0 0 0 0 0 0 0 0 0 0 0 0 0 0 0 0 0 0 0 0 0 0 0 0 0 0 0 0 0 0 0 0 0 0 0 0
 0 0 0 0 0 0 0 0 0 0 0 0 0 0 0 0 0 0 0 0 0 0 0 0 0 0 0 0 0 0 0 0 0 0 0 0 0
 0 0 0 0 0 0 0 0 0 0 0 0 0 0 0 0 0 0 0 0 0 0 0 0 0 0 0 0 0 0 0 0 0 0 0 0 0
 0 0 0 0 0 0 0 0 0 0 0 0 0 0 0 0 0 0 0 0 0 0 0 0 0 0 0 0 0 0 0 0 0 0 0 0 0
 0 0 0 0 0 0 0 0 0 0 0 0 0 0 0 0 0 0 0 0 0 0 0 0 0 0 0 0 0 0 0 0 0 0 0 0 0
 0 0 0 0 0 0 0 0 0 0 0 0 0 0 0 0 0 0 0 0 0 0 0 0 0 0 0 0 0 0 0 0 0 0 0 0 0
 0 0 0 0 0 0 0 0 0 0 0 0 0 0 0 0 0 0 0 0 0 0 0 0 0 0 0 0 0 0 0 0 0 0 0 0 0
 0 0 0 0 0 0 0 0 0 0 0 0 0 0 0 0 0 0 0 0 0 0 0 0 0 0 0 0 0 0 0 0 0 0 0 0 0
 0 0 0 0 0 0 0 0 0 0 0 0 0 0 0 0 0 0 0 0 0 0 0 0 0 0 0 0 0 0 0 0 0 0 0 0 0
 0 0 0 0 0 0 0 0 0 0 0 0 0 0 0 0 0 0 0 0 0 0 0 0 0 0 0 0]","[0.07035176 0.07567568 0.07588076 0.08       0.08045977 0.08235294
 0.08308605 0.08433735 0.08484848 0.08510638 0.08536585 0.08562691
 0.08307692 0.08359133 0.0846395  0.08544304 0.08571429 0.08598726
 0.08360129 0.08441558 0.08169935 0.08196721 0.08223684 0.08250825
 0.08278146 0.08333333 0.08389262 0.08417508 0.08445946 0.08474576
 0.08503401 0.08561644 0.08591065 0.08680556 0.08710801 0.08741259
 0.0877193  0.08802817 0.08833922 0.08865248 0.08928571 0.08960573
 0.08992806 0.09025271 0.09057971 0.09090909 0.09124088 0.09157509
 0.09191176 0.08856089 0.08888889 0.08988764 0.09022556 0.09090909
 0.09125475 0.09160305 0.09195402 0.08846154 0.08880309 0.08914729
 0.08949416 0.08984375 0.08627451 0.08695652 0.08730159 0.0876494
 0.084      0.08467742 0.08536585 0.08571429 0.08641975 0.08677686
 0.0875     0.08786611 0.08823529 0.08860759 0.08898305 0.0893617
 0.09012876 0.09051724 0.08658009 0.08695652 0.08733624 0.0877193
 0.08810573 0.08849558 0.08888889 0.08928571 0.09009009 0.09049774
 0.0913242  0.09174312 0.09259259 0.09302326 0.09345794 0.09389671
 0.09433962 0.09478673 0.09047619 0.09090909 0.09178744 0.08737864
 0.08780488 0.08823529 0.08866995 0.08415842 0.08457711 0.08542714
 0.08629442 0.08673469 0.08717949 0.08762887 0.0880829  0.08854167
 0.08900524 0.08994709 0.09042553 0.09090909 0.09139785 0.09189189
 0.0923913  0.09289617 0.09340659 0.08888889 0.08988764 0.09039548
 0.09090909 0.09142857 0.09248555 0.09302326 0.09356725 0.09411765
 0.09467456 0.0952381  0.09036145 0.09090909 0.09146341 0.09202454
 0.09259259 0.0931677  0.09375    0.08805031 0.08860759 0.08333333
 0.08387097 0.08441558 0.08496732 0.08552632 0.08609272 0.08666667
 0.08724832 0.08783784 0.08843537 0.0890411  0.08965517 0.09027778
 0.0915493  0.09219858 0.09285714 0.09352518 0.0942029  0.09489051
 0.09558824 0.0962963  0.09701493 0.09848485 0.09923664 0.09230769
 0.09302326 0.09375    0.09448819 0.0952381  0.096      0.09677419
 0.09756098 0.09836066 0.1        0.10084034 0.10169492 0.1025641
 0.10344828 0.10434783 0.10526316 0.10619469 0.10714286 0.10810811
 0.10909091 0.11009174 0.10185185 0.09345794 0.09433962 0.0952381
 0.09615385 0.09708738 0.09803922 0.0990099  0.1        0.1010101
 0.10204082 0.10309278 0.10416667 0.10526316 0.10638298 0.10752688
 0.09782609 0.0989011  0.1        0.1011236  0.09090909 0.09195402
 0.09302326 0.09411765 0.0952381  0.09638554 0.09756098 0.09876543
 0.1        0.10126582 0.1025641  0.1038961  0.10526316 0.10666667
 0.10810811 0.10958904 0.11267606 0.11428571 0.11594203 0.11764706
 0.11940299 0.12121212 0.12307692 0.125      0.12698413 0.12903226
 0.13333333 0.13559322 0.12068966 0.12280702 0.125      0.12727273
 0.12962963 0.13207547 0.13461538 0.1372549  0.14       0.14285714
 0.14583333 0.14893617 0.15217391 0.15555556 0.15909091 0.1627907
 0.14285714 0.14634146 0.15       0.12820513 0.13157895 0.13513514
 0.13888889 0.14285714 0.14705882 0.12121212 0.125      0.12903226
 0.13333333 0.13793103 0.10714286 0.11111111 0.11538462 0.12
 0.125      0.13043478 0.13636364 0.14285714 0.15       0.15789474
 0.16666667 0.17647059 0.1875     0.2        0.21428571 0.23076923
 0.25       0.27272727 0.3        0.33333333 0.375      0.42857143
 0.33333333 0.4        0.5        0.66666667 1.         1.
 1.        ]","[1.         1.         1.         1.         1.         1.
 1.         1.         1.         1.         1.         1.
 0.96428571 0.96428571 0.96428571 0.96428571 0.96428571 0.96428571
 0.92857143 0.92857143 0.89285714 0.89285714 0.89285714 0.89285714
 0.89285714 0.89285714 0.89285714 0.89285714 0.89285714 0.89285714
 0.89285714 0.89285714 0.89285714 0.89285714 0.89285714 0.89285714
 0.89285714 0.89285714 0.89285714 0.89285714 0.89285714 0.89285714
 0.89285714 0.89285714 0.89285714 0.89285714 0.89285714 0.89285714
 0.89285714 0.85714286 0.85714286 0.85714286 0.85714286 0.85714286
 0.85714286 0.85714286 0.85714286 0.82142857 0.82142857 0.82142857
 0.82142857 0.82142857 0.78571429 0.78571429 0.78571429 0.78571429
 0.75       0.75       0.75       0.75       0.75       0.75
 0.75       0.75       0.75       0.75       0.75       0.75
 0.75       0.75       0.71428571 0.71428571 0.71428571 0.71428571
 0.71428571 0.71428571 0.71428571 0.71428571 0.71428571 0.71428571
 0.71428571 0.71428571 0.71428571 0.71428571 0.71428571 0.71428571
 0.71428571 0.71428571 0.67857143 0.67857143 0.67857143 0.64285714
 0.64285714 0.64285714 0.64285714 0.60714286 0.60714286 0.60714286
 0.60714286 0.60714286 0.60714286 0.60714286 0.60714286 0.60714286
 0.60714286 0.60714286 0.60714286 0.60714286 0.60714286 0.60714286
 0.60714286 0.60714286 0.60714286 0.57142857 0.57142857 0.57142857
 0.57142857 0.57142857 0.57142857 0.57142857 0.57142857 0.57142857
 0.57142857 0.57142857 0.53571429 0.53571429 0.53571429 0.53571429
 0.53571429 0.53571429 0.53571429 0.5        0.5        0.46428571
 0.46428571 0.46428571 0.46428571 0.46428571 0.46428571 0.46428571
 0.46428571 0.46428571 0.46428571 0.46428571 0.46428571 0.46428571
 0.46428571 0.46428571 0.46428571 0.46428571 0.46428571 0.46428571
 0.46428571 0.46428571 0.46428571 0.46428571 0.46428571 0.42857143
 0.42857143 0.42857143 0.42857143 0.42857143 0.42857143 0.42857143
 0.42857143 0.42857143 0.42857143 0.42857143 0.42857143 0.42857143
 0.42857143 0.42857143 0.42857143 0.42857143 0.42857143 0.42857143
 0.42857143 0.42857143 0.39285714 0.35714286 0.35714286 0.35714286
 0.35714286 0.35714286 0.35714286 0.35714286 0.35714286 0.35714286
 0.35714286 0.35714286 0.35714286 0.35714286 0.35714286 0.35714286
 0.32142857 0.32142857 0.32142857 0.32142857 0.28571429 0.28571429
 0.28571429 0.28571429 0.28571429 0.28571429 0.28571429 0.28571429
 0.28571429 0.28571429 0.28571429 0.28571429 0.28571429 0.28571429
 0.28571429 0.28571429 0.28571429 0.28571429 0.28571429 0.28571429
 0.28571429 0.28571429 0.28571429 0.28571429 0.28571429 0.28571429
 0.28571429 0.28571429 0.25       0.25       0.25       0.25
 0.25       0.25       0.25       0.25       0.25       0.25
 0.25       0.25       0.25       0.25       0.25       0.25
 0.21428571 0.21428571 0.21428571 0.17857143 0.17857143 0.17857143
 0.17857143 0.17857143 0.17857143 0.14285714 0.14285714 0.14285714
 0.14285714 0.14285714 0.10714286 0.10714286 0.10714286 0.10714286
 0.10714286 0.10714286 0.10714286 0.10714286 0.10714286 0.10714286
 0.10714286 0.10714286 0.10714286 0.10714286 0.10714286 0.10714286
 0.10714286 0.10714286 0.10714286 0.10714286 0.10714286 0.10714286
 0.07142857 0.07142857 0.07142857 0.07142857 0.07142857 0.03571429
 0.        ]","[0.         0.00055556 0.00083333 0.00138889 0.00166667 0.00222222
 0.0025     0.00277778 0.00285714 0.00305556 0.00333333 0.00333333
 0.00361111 0.00416667 0.00444444 0.00472222 0.00472222 0.005
 0.00527778 0.00583333 0.00638889 0.00638889 0.00666667 0.00694444
 0.00722222 0.00722222 0.0075     0.00777778 0.00805556 0.00805556
 0.00833333 0.00861111 0.00888889 0.00916667 0.00944444 0.00944444
 0.01       0.01055556 0.01083333 0.01083333 0.01111111 0.01138889
 0.01180556 0.01194444 0.01222222 0.01231481 0.0125     0.01361111
 0.01388889 0.01416667 0.01444444 0.01472222 0.015      0.01527778
 0.01527778 0.01587302 0.01611111 0.01694444 0.01694444 0.01722222
 0.0175     0.0175     0.01777778 0.01805556 0.01861111 0.01888889
 0.01916667 0.02       0.02027778 0.02027778 0.02055556 0.02111111
 0.02138889 0.02138889 0.02166667 0.02194444 0.0225     0.02333333
 0.02361111 0.02388889 0.025      0.02527778 0.02527778 0.02611111
 0.02611111 0.02611111 0.02638889 0.02666667 0.02777778 0.02805556
 0.02906433 0.02916667 0.03       0.03083333 0.03111111 0.03119048
 0.03202381 0.03222222 0.03222222 0.03222222 0.03253968 0.03277778
 0.03291667 0.03305556 0.03333333 0.03361111 0.03361111 0.03388889
 0.03396825 0.03416667 0.03416667 0.03444444 0.03486111 0.03527778
 0.03555556 0.03583333 0.03611111 0.03666667 0.03722222 0.0375
 0.03777778 0.03791667 0.03805556 0.03833333 0.03833333 0.03875
 0.03944444 0.04       0.04111111 0.04138889 0.04202381 0.04215278
 0.04222222 0.04277778 0.04333333 0.04388889 0.04388889 0.04444444
 0.04461988 0.04472222 0.04555556 0.04583333 0.04611111 0.04638889
 0.04666667 0.04694444 0.0475     0.04833333 0.04861111 0.04888889
 0.04920635 0.04924603 0.04944444 0.05087302 0.05138889 0.05138889
 0.05166667 0.05184211 0.05222222 0.05222222 0.05257937 0.05285714
 0.05305556 0.05333333 0.05333333 0.05350877 0.05444444 0.055
 0.05527778 0.05555556 0.05583333 0.05666667 0.05694444 0.05777778
 0.05805556 0.05805556 0.05833333 0.05861111 0.05888889 0.05944444
 0.06083333 0.06194444 0.06198413 0.0625     0.06333333 0.06416667
 0.06527778 0.06694444 0.06698413 0.06805556 0.06916667 0.06934211
 0.07031746 0.07059524 0.07166667 0.07222222 0.0725     0.07281746
 0.07416667 0.07472222 0.07527778 0.07555556 0.07583333 0.07583333
 0.07638889 0.07666667 0.07666667 0.07694444 0.07739766 0.07833333
 0.07833333 0.07916667 0.08       0.08083333 0.08083333 0.08111111
 0.08128655 0.08222222 0.0825     0.08259259 0.08277778 0.08378655
 0.08388889 0.08388889 0.08444444 0.08472222 0.08638889 0.08666667
 0.08694444 0.08711988 0.0875     0.08767544 0.08972222 0.09027778
 0.09027778 0.09031746 0.09083333 0.09166667 0.0925     0.09309524
 0.09416667 0.09527778 0.09555556 0.09611111 0.09638889 0.09694444
 0.09694444 0.1        0.10045322 0.10055556 0.10194444 0.1025
 0.10378655 0.10416667 0.1047619  0.10583333 0.10583333 0.10833333
 0.10861111 0.11017544 0.11083333 0.11111111 0.11222222 0.11388889
 0.11611111 0.11916667 0.11944444 0.12       0.12003968 0.12111111
 0.12138889 0.12277778 0.12406433 0.12535714 0.1275     0.12753968
 0.12805556 0.13194444 0.13448413 0.13968254 0.14138889 0.14236111
 0.14611111 0.1525     0.16111111 0.16958333 0.1697619  0.17111111
 0.18       0.1875     0.19055556 0.19944444 0.20253968 0.23083333]"
MariaDB,is_change_text_num_words_20,XGboost,"ratio_unusable_issues_text_by_previous    0.074200
19                                        0.055467
avg_num_word_in_sentence                  0.043159
time_until_add_sprint                     0.042494
num_words                                 0.040828
14                                        0.037448
8                                         0.037140
4                                         0.036732
7                                         0.035025
17                                        0.034710
16                                        0.033078
5                                         0.031502
11                                        0.031303
num_stopwords                             0.031149
15                                        0.030387
1                                         0.029993
9                                         0.029929
len_sum_desc                              0.029864
avg_word_len                              0.028634
12                                        0.027435
6                                         0.026684
num_sentences                             0.024602
18                                        0.024441
10                                        0.023830
2                                         0.023138
0                                         0.022515
len_description                           0.022309
3                                         0.020071
num_issues_cretor_prev                    0.019558
13                                        0.019385
priority                                  0.008689
num_headlines                             0.008504
dominant_topic_1                          0.006869
num_changes_text_before_sprint            0.002306
relates                                   0.001567
block                                     0.001129
has_please                                0.001011
num_question_marks                        0.000963
duplicate_by                              0.000797
has_url                                   0.000454
block_by                                  0.000452
has_tbd                                   0.000244
duplicate                                 0.000004
has_template                              0.000000
has_acceptance_criteria                   0.000000
if_acceptance_empty_tbd                   0.000000
len_acceptance                            0.000000
num_comments_before_sprint                0.000000
if_description_empty_tbd                  0.000000
num_changes_story_point_before_sprint     0.000000
original_story_points_sprint              0.000000
noun_count                                0.000000
verb_count                                0.000000
adj_count                                 0.000000
has_code                                  0.000000
pron_count                                0.000000
adv_count                                 0.000000
dtype: float64",0.9296482412060302,"[[370   0]
 [ 28   0]]","              precision    recall  f1-score   support

           0       0.93      1.00      0.96       370
           1       0.00      0.00      0.00        28

    accuracy                           0.93       398
   macro avg       0.46      0.50      0.48       398
weighted avg       0.86      0.93      0.90       398
",0.14080508365472863,0.14704240068451177,0.6598455598455598,"[0 0 0 0 0 0 0 0 0 0 0 0 0 0 0 0 0 0 0 0 0 0 0 0 0 0 0 0 0 0 0 0 0 0 0 0 0
 0 0 0 0 0 0 0 0 0 0 0 0 0 0 0 0 0 0 0 0 0 0 0 0 0 0 0 0 0 0 0 0 0 0 0 0 0
 0 0 0 0 0 0 0 0 0 0 0 0 0 0 0 0 0 0 0 0 0 0 0 0 0 0 0 0 0 0 0 0 0 0 0 0 0
 0 0 0 0 0 0 0 0 0 0 0 0 0 0 0 0 0 0 0 0 0 0 0 0 0 0 0 0 0 0 0 0 0 0 0 0 0
 0 0 0 0 0 0 0 0 0 0 0 0 0 0 0 0 0 0 0 0 0 0 0 0 0 0 0 0 0 0 0 0 0 0 0 0 0
 0 0 0 0 0 0 0 0 0 0 0 0 0 0 0 0 0 0 0 0 0 0 0 0 0 0 0 0 0 0 0 0 0 0 0 0 0
 0 0 0 0 0 0 0 0 0 0 0 0 0 0 0 0 0 0 0 0 0 0 0 0 0 0 0 0 0 0 0 0 0 0 0 0 0
 0 0 0 0 0 0 0 0 0 0 0 0 0 0 0 0 0 0 0 0 0 0 0 0 0 0 0 0 0 0 0 0 0 0 0 0 0
 0 0 0 0 0 0 0 0 0 0 0 0 0 0 0 0 0 0 0 0 0 0 0 0 0 0 0 0 0 0 0 0 0 0 0 0 0
 0 0 0 0 0 0 0 0 0 0 0 0 0 0 0 0 0 0 0 0 0 0 0 0 0 0 0 0 0 0 0 0 0 0 0 0 0
 0 0 0 0 0 0 0 0 0 0 0 0 0 0 0 0 0 0 0 0 0 0 0 0 0 0 0 0]","[0.07035176 0.07052897 0.07070707 0.07088608 0.07106599 0.07124682
 0.07142857 0.07161125 0.07179487 0.07197943 0.07216495 0.07235142
 0.07253886 0.07272727 0.07291667 0.07310705 0.07329843 0.07349081
 0.07368421 0.07387863 0.07407407 0.07427056 0.07446809 0.07466667
 0.07486631 0.07506702 0.07526882 0.0754717  0.07567568 0.07588076
 0.07608696 0.07629428 0.07650273 0.07671233 0.07692308 0.07713499
 0.07734807 0.07756233 0.07777778 0.07799443 0.07821229 0.07843137
 0.07865169 0.07887324 0.07909605 0.07932011 0.07954545 0.07692308
 0.07714286 0.0773639  0.07758621 0.0778098  0.07803468 0.07826087
 0.07848837 0.0787172  0.07894737 0.07917889 0.07941176 0.07964602
 0.07988166 0.08011869 0.08035714 0.08059701 0.08083832 0.08108108
 0.0813253  0.081571   0.08181818 0.08206687 0.08231707 0.08256881
 0.08282209 0.08307692 0.08333333 0.08359133 0.08385093 0.08411215
 0.084375   0.0846395  0.08490566 0.0851735  0.08544304 0.08571429
 0.08598726 0.08626198 0.08653846 0.08681672 0.08709677 0.08737864
 0.08766234 0.08794788 0.08823529 0.08852459 0.08881579 0.08910891
 0.08940397 0.089701   0.09       0.090301   0.09060403 0.09090909
 0.09121622 0.09152542 0.09183673 0.09215017 0.09246575 0.09278351
 0.09310345 0.09342561 0.09375    0.09407666 0.09440559 0.09473684
 0.09507042 0.09187279 0.09219858 0.08896797 0.08928571 0.08960573
 0.08992806 0.09025271 0.09057971 0.09090909 0.08759124 0.08791209
 0.08823529 0.08856089 0.08888889 0.08921933 0.08955224 0.08988764
 0.09022556 0.09056604 0.09090909 0.09125475 0.09160305 0.08812261
 0.08846154 0.08880309 0.08914729 0.08949416 0.08984375 0.09019608
 0.09055118 0.09090909 0.09126984 0.09163347 0.092      0.09236948
 0.09274194 0.09311741 0.09349593 0.09387755 0.0942623  0.09465021
 0.09504132 0.09543568 0.09583333 0.09623431 0.09663866 0.09704641
 0.09745763 0.09787234 0.0982906  0.09871245 0.09913793 0.0995671
 0.1        0.10043668 0.10087719 0.10132159 0.10176991 0.10222222
 0.10267857 0.10313901 0.1036036  0.1040724  0.10454545 0.10502283
 0.10550459 0.10599078 0.10648148 0.10697674 0.10747664 0.10798122
 0.10849057 0.10900474 0.10952381 0.11004785 0.11057692 0.11111111
 0.10679612 0.10731707 0.10784314 0.10837438 0.1039604  0.10447761
 0.105      0.10552764 0.10606061 0.10659898 0.10204082 0.1025641
 0.10309278 0.10362694 0.10416667 0.10471204 0.10526316 0.10582011
 0.10638298 0.10695187 0.10752688 0.10810811 0.10869565 0.10928962
 0.1043956  0.10497238 0.10555556 0.10614525 0.10674157 0.10734463
 0.10795455 0.10857143 0.1091954  0.10404624 0.10465116 0.10526316
 0.10588235 0.10650888 0.10714286 0.10778443 0.10240964 0.1030303
 0.10365854 0.10429448 0.10493827 0.10559006 0.10625    0.10691824
 0.10759494 0.10828025 0.1025641  0.10322581 0.0974026  0.09803922
 0.09210526 0.09271523 0.09333333 0.09395973 0.09459459 0.0952381
 0.09589041 0.09655172 0.09027778 0.09090909 0.0915493  0.09219858
 0.09285714 0.09352518 0.0942029  0.09489051 0.09558824 0.0962963
 0.09701493 0.09774436 0.09848485 0.09923664 0.1        0.09302326
 0.09375    0.09448819 0.0952381  0.096      0.09677419 0.09756098
 0.09836066 0.09917355 0.1        0.10084034 0.10169492 0.1025641
 0.10344828 0.10434783 0.10526316 0.10619469 0.10714286 0.10810811
 0.10909091 0.11009174 0.11111111 0.11214953 0.11320755 0.11428571
 0.11538462 0.11650485 0.11764706 0.11881188 0.12       0.11111111
 0.1122449  0.10309278 0.10416667 0.10526316 0.10638298 0.10752688
 0.10869565 0.10989011 0.11111111 0.11235955 0.11363636 0.11494253
 0.11627907 0.11764706 0.11904762 0.12048193 0.12195122 0.12345679
 0.125      0.12658228 0.12820513 0.12987013 0.11842105 0.12
 0.12162162 0.12328767 0.125      0.11267606 0.11428571 0.11594203
 0.11764706 0.11940299 0.12121212 0.12307692 0.125      0.12698413
 0.12903226 0.13114754 0.13333333 0.11864407 0.12068966 0.12280702
 0.125      0.12727273 0.12962963 0.11320755 0.09615385 0.09803922
 0.1        0.10204082 0.10416667 0.10638298 0.10869565 0.11111111
 0.11363636 0.11627907 0.11904762 0.12195122 0.125      0.12820513
 0.13157895 0.13513514 0.11111111 0.11428571 0.11764706 0.12121212
 0.125      0.12903226 0.13333333 0.13793103 0.14285714 0.14814815
 0.15384615 0.16       0.16666667 0.17391304 0.18181818 0.19047619
 0.15       0.15789474 0.16666667 0.11764706 0.125      0.13333333
 0.14285714 0.15384615 0.08333333 0.09090909 0.1        0.11111111
 0.125      0.14285714 0.16666667 0.2        0.25       0.33333333
 0.5        1.         1.        ]","[1.         1.         1.         1.         1.         1.
 1.         1.         1.         1.         1.         1.
 1.         1.         1.         1.         1.         1.
 1.         1.         1.         1.         1.         1.
 1.         1.         1.         1.         1.         1.
 1.         1.         1.         1.         1.         1.
 1.         1.         1.         1.         1.         1.
 1.         1.         1.         1.         1.         0.96428571
 0.96428571 0.96428571 0.96428571 0.96428571 0.96428571 0.96428571
 0.96428571 0.96428571 0.96428571 0.96428571 0.96428571 0.96428571
 0.96428571 0.96428571 0.96428571 0.96428571 0.96428571 0.96428571
 0.96428571 0.96428571 0.96428571 0.96428571 0.96428571 0.96428571
 0.96428571 0.96428571 0.96428571 0.96428571 0.96428571 0.96428571
 0.96428571 0.96428571 0.96428571 0.96428571 0.96428571 0.96428571
 0.96428571 0.96428571 0.96428571 0.96428571 0.96428571 0.96428571
 0.96428571 0.96428571 0.96428571 0.96428571 0.96428571 0.96428571
 0.96428571 0.96428571 0.96428571 0.96428571 0.96428571 0.96428571
 0.96428571 0.96428571 0.96428571 0.96428571 0.96428571 0.96428571
 0.96428571 0.96428571 0.96428571 0.96428571 0.96428571 0.96428571
 0.96428571 0.92857143 0.92857143 0.89285714 0.89285714 0.89285714
 0.89285714 0.89285714 0.89285714 0.89285714 0.85714286 0.85714286
 0.85714286 0.85714286 0.85714286 0.85714286 0.85714286 0.85714286
 0.85714286 0.85714286 0.85714286 0.85714286 0.85714286 0.82142857
 0.82142857 0.82142857 0.82142857 0.82142857 0.82142857 0.82142857
 0.82142857 0.82142857 0.82142857 0.82142857 0.82142857 0.82142857
 0.82142857 0.82142857 0.82142857 0.82142857 0.82142857 0.82142857
 0.82142857 0.82142857 0.82142857 0.82142857 0.82142857 0.82142857
 0.82142857 0.82142857 0.82142857 0.82142857 0.82142857 0.82142857
 0.82142857 0.82142857 0.82142857 0.82142857 0.82142857 0.82142857
 0.82142857 0.82142857 0.82142857 0.82142857 0.82142857 0.82142857
 0.82142857 0.82142857 0.82142857 0.82142857 0.82142857 0.82142857
 0.82142857 0.82142857 0.82142857 0.82142857 0.82142857 0.82142857
 0.78571429 0.78571429 0.78571429 0.78571429 0.75       0.75
 0.75       0.75       0.75       0.75       0.71428571 0.71428571
 0.71428571 0.71428571 0.71428571 0.71428571 0.71428571 0.71428571
 0.71428571 0.71428571 0.71428571 0.71428571 0.71428571 0.71428571
 0.67857143 0.67857143 0.67857143 0.67857143 0.67857143 0.67857143
 0.67857143 0.67857143 0.67857143 0.64285714 0.64285714 0.64285714
 0.64285714 0.64285714 0.64285714 0.64285714 0.60714286 0.60714286
 0.60714286 0.60714286 0.60714286 0.60714286 0.60714286 0.60714286
 0.60714286 0.60714286 0.57142857 0.57142857 0.53571429 0.53571429
 0.5        0.5        0.5        0.5        0.5        0.5
 0.5        0.5        0.46428571 0.46428571 0.46428571 0.46428571
 0.46428571 0.46428571 0.46428571 0.46428571 0.46428571 0.46428571
 0.46428571 0.46428571 0.46428571 0.46428571 0.46428571 0.42857143
 0.42857143 0.42857143 0.42857143 0.42857143 0.42857143 0.42857143
 0.42857143 0.42857143 0.42857143 0.42857143 0.42857143 0.42857143
 0.42857143 0.42857143 0.42857143 0.42857143 0.42857143 0.42857143
 0.42857143 0.42857143 0.42857143 0.42857143 0.42857143 0.42857143
 0.42857143 0.42857143 0.42857143 0.42857143 0.42857143 0.39285714
 0.39285714 0.35714286 0.35714286 0.35714286 0.35714286 0.35714286
 0.35714286 0.35714286 0.35714286 0.35714286 0.35714286 0.35714286
 0.35714286 0.35714286 0.35714286 0.35714286 0.35714286 0.35714286
 0.35714286 0.35714286 0.35714286 0.35714286 0.32142857 0.32142857
 0.32142857 0.32142857 0.32142857 0.28571429 0.28571429 0.28571429
 0.28571429 0.28571429 0.28571429 0.28571429 0.28571429 0.28571429
 0.28571429 0.28571429 0.28571429 0.25       0.25       0.25
 0.25       0.25       0.25       0.21428571 0.17857143 0.17857143
 0.17857143 0.17857143 0.17857143 0.17857143 0.17857143 0.17857143
 0.17857143 0.17857143 0.17857143 0.17857143 0.17857143 0.17857143
 0.17857143 0.17857143 0.14285714 0.14285714 0.14285714 0.14285714
 0.14285714 0.14285714 0.14285714 0.14285714 0.14285714 0.14285714
 0.14285714 0.14285714 0.14285714 0.14285714 0.14285714 0.14285714
 0.10714286 0.10714286 0.10714286 0.07142857 0.07142857 0.07142857
 0.07142857 0.07142857 0.03571429 0.03571429 0.03571429 0.03571429
 0.03571429 0.03571429 0.03571429 0.03571429 0.03571429 0.03571429
 0.03571429 0.03571429 0.        ]","[3.39278422e-10 3.88379712e-10 4.08066467e-10 4.14536494e-10
 4.65588991e-10 4.86574814e-10 4.88749975e-10 4.92420684e-10
 4.92488772e-10 5.34819524e-10 5.40592507e-10 5.44315191e-10
 5.88586668e-10 5.92978103e-10 5.96392263e-10 6.08382740e-10
 6.13747438e-10 6.21391632e-10 6.30060386e-10 6.33717208e-10
 6.46791271e-10 6.56282661e-10 6.63349079e-10 6.65805327e-10
 6.70967200e-10 6.75766234e-10 6.97580000e-10 7.04365178e-10
 7.45267190e-10 7.45400004e-10 7.53133551e-10 7.57120475e-10
 7.89396461e-10 7.95044406e-10 8.02240799e-10 8.02910972e-10
 8.05420802e-10 8.16063669e-10 8.21131191e-10 8.34516662e-10
 8.39509400e-10 8.59415057e-10 8.71634427e-10 8.83052221e-10
 8.90626042e-10 8.91135090e-10 9.06253853e-10 9.18750531e-10
 9.32652556e-10 9.48374791e-10 9.57968802e-10 9.64353539e-10
 9.64565404e-10 9.76769362e-10 9.94568751e-10 1.01269300e-09
 1.01752011e-09 1.01769583e-09 1.02354743e-09 1.02881555e-09
 1.03091648e-09 1.03798136e-09 1.03923575e-09 1.05229829e-09
 1.06495035e-09 1.10747489e-09 1.10795154e-09 1.10883422e-09
 1.10965697e-09 1.13367783e-09 1.15341832e-09 1.16020355e-09
 1.18403129e-09 1.19863764e-09 1.22052329e-09 1.26051371e-09
 1.27047441e-09 1.27918226e-09 1.29637922e-09 1.30631067e-09
 1.31217476e-09 1.31682059e-09 1.31716288e-09 1.33398595e-09
 1.33958010e-09 1.36483607e-09 1.38010712e-09 1.39018799e-09
 1.44328926e-09 1.45900254e-09 1.46229618e-09 1.46443093e-09
 1.52412969e-09 1.61225111e-09 1.62120989e-09 1.64265758e-09
 1.65172255e-09 1.65756125e-09 1.76251353e-09 1.76847338e-09
 1.79979552e-09 1.82312387e-09 1.86972336e-09 1.88403739e-09
 1.89357430e-09 1.91298414e-09 1.95610594e-09 1.97028348e-09
 1.99503717e-09 2.00286741e-09 2.01143118e-09 2.03032473e-09
 2.03709909e-09 2.03764650e-09 2.08751077e-09 2.09294310e-09
 2.16834627e-09 2.18172364e-09 2.18473237e-09 2.19614721e-09
 2.25490143e-09 2.28301407e-09 2.29501629e-09 2.32315706e-09
 2.37680539e-09 2.38341897e-09 2.44232065e-09 2.53553837e-09
 2.60313467e-09 2.60895322e-09 2.63572413e-09 2.63693644e-09
 2.66605952e-09 2.67931706e-09 2.72769947e-09 2.73873313e-09
 2.76258733e-09 2.79389090e-09 2.81988549e-09 2.86213100e-09
 2.95781810e-09 3.02245316e-09 3.05960625e-09 3.15912168e-09
 3.16539920e-09 3.18781722e-09 3.21236325e-09 3.24677580e-09
 3.31255251e-09 3.32158871e-09 3.33388216e-09 3.39440669e-09
 3.57738458e-09 3.62615310e-09 3.64097953e-09 3.67745429e-09
 3.69734287e-09 3.73971143e-09 3.80957970e-09 3.85643764e-09
 3.86852838e-09 3.91522554e-09 3.95275332e-09 3.95538577e-09
 4.09362792e-09 4.29441169e-09 4.31042750e-09 4.32084501e-09
 4.65683496e-09 4.68905388e-09 4.74930503e-09 4.79902882e-09
 4.80090452e-09 4.81751371e-09 4.91396736e-09 4.92805634e-09
 5.18303541e-09 5.20059248e-09 5.22527710e-09 5.22754181e-09
 5.24326254e-09 5.42127821e-09 5.43302870e-09 5.44523422e-09
 5.61403095e-09 5.91416505e-09 6.02040167e-09 6.12258241e-09
 6.16167896e-09 6.18144218e-09 6.23101463e-09 6.25514269e-09
 6.45554455e-09 6.52640927e-09 6.53565985e-09 6.58099711e-09
 6.63357449e-09 6.70235007e-09 6.70589805e-09 7.15819331e-09
 7.27141582e-09 7.28745495e-09 7.42581411e-09 7.50282097e-09
 7.63665151e-09 7.83621277e-09 7.87133215e-09 7.90000091e-09
 7.95434046e-09 8.20404570e-09 8.26031554e-09 8.58333395e-09
 8.58995293e-09 8.60147266e-09 8.63534787e-09 8.65283020e-09
 8.71315710e-09 8.75554201e-09 8.79131474e-09 8.91388867e-09
 9.03833728e-09 9.05340244e-09 9.21800483e-09 9.22612394e-09
 9.24956924e-09 9.31408944e-09 9.37762256e-09 9.44718175e-09
 9.85849661e-09 9.92348041e-09 1.00416725e-08 1.02325976e-08
 1.02615764e-08 1.03578912e-08 1.06396080e-08 1.06591316e-08
 1.08589459e-08 1.11830978e-08 1.15072441e-08 1.15613188e-08
 1.16547741e-08 1.17723915e-08 1.17878462e-08 1.18452307e-08
 1.29227754e-08 1.30201524e-08 1.32239006e-08 1.33898555e-08
 1.34367785e-08 1.36952297e-08 1.39856591e-08 1.40844351e-08
 1.42290966e-08 1.43995890e-08 1.44301271e-08 1.49360126e-08
 1.51416527e-08 1.51645014e-08 1.53769183e-08 1.69394204e-08
 1.72409716e-08 1.73913009e-08 1.74449158e-08 1.77943251e-08
 1.94339759e-08 1.94398220e-08 1.95262131e-08 1.98760245e-08
 2.13923584e-08 2.14264038e-08 2.15771434e-08 2.21721574e-08
 2.30226856e-08 2.33043742e-08 2.41674259e-08 2.44290632e-08
 2.48917951e-08 2.55521623e-08 2.65806317e-08 2.68627507e-08
 2.69783580e-08 2.86187589e-08 2.86221762e-08 2.88157019e-08
 2.95384316e-08 2.98183384e-08 3.38281773e-08 3.51603940e-08
 3.63721511e-08 3.81389794e-08 3.84186811e-08 3.87575637e-08
 3.88020972e-08 4.07356741e-08 4.10327047e-08 4.17310800e-08
 4.23463466e-08 4.42201251e-08 4.61521974e-08 4.71128358e-08
 4.81172045e-08 4.94726598e-08 5.04716934e-08 5.13336427e-08
 5.18750659e-08 5.23447641e-08 5.49818166e-08 5.70464100e-08
 5.82646435e-08 5.88679305e-08 5.88944248e-08 6.64453055e-08
 7.18493342e-08 7.24662201e-08 7.89960162e-08 8.13612114e-08
 8.18376951e-08 8.40323338e-08 8.45588442e-08 9.63129834e-08
 9.66650075e-08 9.73816421e-08 1.07462290e-07 1.08713221e-07
 1.09517786e-07 1.12110924e-07 1.18923635e-07 1.19066683e-07
 1.26605230e-07 1.28762425e-07 1.28990761e-07 1.31802930e-07
 1.40428603e-07 1.52794258e-07 1.53294804e-07 1.57374305e-07
 1.58185905e-07 1.72196946e-07 1.74610315e-07 1.77217740e-07
 1.80721235e-07 1.83026753e-07 1.84344096e-07 1.94059213e-07
 1.96720276e-07 2.00049074e-07 2.00518191e-07 2.05058117e-07
 2.18331413e-07 2.44427888e-07 2.87750945e-07 2.90902246e-07
 3.05500043e-07 3.16295456e-07 3.20549585e-07 3.32390454e-07
 4.00814256e-07 4.20101300e-07 4.33033176e-07 4.40615345e-07
 4.42399472e-07 5.34857165e-07 5.69057755e-07 5.76264577e-07
 6.41656278e-07 7.28109444e-07 8.72333337e-07 8.84749880e-07
 8.92267125e-07 9.20102239e-07 1.13737296e-06 1.16599944e-06
 1.17791428e-06 1.25986391e-06 1.28351577e-06 1.58794257e-06
 1.90544971e-06 2.19418979e-06 2.87802646e-06 3.07785350e-06
 3.10959845e-06 3.61925377e-06 3.63699733e-06 3.65019605e-06
 3.65178943e-06 4.31975898e-06 4.46727530e-06 5.80822945e-06
 7.15648564e-06 7.83355904e-06 9.50231150e-06 1.09878477e-05
 1.51766593e-05 1.58136132e-05 2.14261129e-05 2.57588853e-05
 2.94899071e-05 5.83592309e-04]"
MariaDB,is_change_text_num_words_20,NN,[],0.9296482412060302,"[[370   0]
 [ 28   0]]","              precision    recall  f1-score   support

           0       0.93      1.00      0.96       370
           1       0.00      0.00      0.00        28

    accuracy                           0.93       398
   macro avg       0.46      0.50      0.48       398
weighted avg       0.86      0.93      0.90       398
",0.057866830356060966,0.06336931997131941,0.41911196911196913,"[0 0 0 0 0 0 0 0 0 0 0 0 0 0 0 0 0 0 0 0 0 0 0 0 0 0 0 0 0 0 0 0 0 0 0 0 0
 0 0 0 0 0 0 0 0 0 0 0 0 0 0 0 0 0 0 0 0 0 0 0 0 0 0 0 0 0 0 0 0 0 0 0 0 0
 0 0 0 0 0 0 0 0 0 0 0 0 0 0 0 0 0 0 0 0 0 0 0 0 0 0 0 0 0 0 0 0 0 0 0 0 0
 0 0 0 0 0 0 0 0 0 0 0 0 0 0 0 0 0 0 0 0 0 0 0 0 0 0 0 0 0 0 0 0 0 0 0 0 0
 0 0 0 0 0 0 0 0 0 0 0 0 0 0 0 0 0 0 0 0 0 0 0 0 0 0 0 0 0 0 0 0 0 0 0 0 0
 0 0 0 0 0 0 0 0 0 0 0 0 0 0 0 0 0 0 0 0 0 0 0 0 0 0 0 0 0 0 0 0 0 0 0 0 0
 0 0 0 0 0 0 0 0 0 0 0 0 0 0 0 0 0 0 0 0 0 0 0 0 0 0 0 0 0 0 0 0 0 0 0 0 0
 0 0 0 0 0 0 0 0 0 0 0 0 0 0 0 0 0 0 0 0 0 0 0 0 0 0 0 0 0 0 0 0 0 0 0 0 0
 0 0 0 0 0 0 0 0 0 0 0 0 0 0 0 0 0 0 0 0 0 0 0 0 0 0 0 0 0 0 0 0 0 0 0 0 0
 0 0 0 0 0 0 0 0 0 0 0 0 0 0 0 0 0 0 0 0 0 0 0 0 0 0 0 0 0 0 0 0 0 0 0 0 0
 0 0 0 0 0 0 0 0 0 0 0 0 0 0 0 0 0 0 0 0 0 0 0 0 0 0 0 0]","[0.07035176 0.07052897 0.06818182 0.06835443 0.06852792 0.06870229
 0.06887755 0.06905371 0.06923077 0.06940874 0.06958763 0.06976744
 0.06994819 0.07012987 0.06770833 0.06527415 0.06544503 0.0656168
 0.06578947 0.06596306 0.06613757 0.06366048 0.06382979 0.064
 0.06417112 0.06434316 0.06451613 0.06469003 0.06486486 0.06504065
 0.06521739 0.0653951  0.06557377 0.06575342 0.06593407 0.0661157
 0.06629834 0.06648199 0.06666667 0.06685237 0.06703911 0.06722689
 0.06741573 0.06760563 0.06779661 0.06798867 0.06818182 0.06837607
 0.06857143 0.06876791 0.06896552 0.06916427 0.06936416 0.06956522
 0.06976744 0.06997085 0.07017544 0.06744868 0.06764706 0.06784661
 0.06804734 0.06824926 0.06547619 0.06567164 0.06586826 0.06606607
 0.06626506 0.06646526 0.06666667 0.0668693  0.06707317 0.06727829
 0.06748466 0.06769231 0.06790123 0.06811146 0.06832298 0.06853583
 0.065625   0.06583072 0.06603774 0.06624606 0.0664557  0.06349206
 0.06050955 0.06070288 0.06089744 0.06109325 0.06129032 0.06148867
 0.06168831 0.06188925 0.0620915  0.06229508 0.05921053 0.05940594
 0.05960265 0.05980066 0.06       0.06020067 0.06040268 0.06060606
 0.06081081 0.06101695 0.06122449 0.06143345 0.05821918 0.05841924
 0.05862069 0.05882353 0.05902778 0.05923345 0.05944056 0.05964912
 0.05985915 0.06007067 0.05673759 0.0569395  0.05714286 0.05734767
 0.05755396 0.05776173 0.05797101 0.05818182 0.05839416 0.05860806
 0.05882353 0.05904059 0.05925926 0.05947955 0.05970149 0.05992509
 0.06015038 0.06037736 0.06060606 0.0608365  0.0610687  0.06130268
 0.06153846 0.06177606 0.0620155  0.06225681 0.0625     0.05882353
 0.05905512 0.05928854 0.05952381 0.05976096 0.06       0.06024096
 0.06048387 0.06072874 0.06097561 0.06122449 0.06147541 0.0617284
 0.06198347 0.06224066 0.0625     0.06276151 0.06302521 0.06329114
 0.05932203 0.05957447 0.05982906 0.06008584 0.06034483 0.06060606
 0.06086957 0.06113537 0.06140351 0.06167401 0.0619469  0.06222222
 0.0625     0.06278027 0.06306306 0.06334842 0.06363636 0.06392694
 0.06422018 0.06451613 0.06481481 0.06511628 0.06542056 0.0657277
 0.06603774 0.06635071 0.06666667 0.06698565 0.06730769 0.06763285
 0.0631068  0.06341463 0.06372549 0.06403941 0.06435644 0.06467662
 0.065      0.06532663 0.06565657 0.06598985 0.06632653 0.06666667
 0.06701031 0.06735751 0.06770833 0.06806283 0.06842105 0.06878307
 0.06914894 0.06951872 0.06989247 0.07027027 0.07065217 0.07103825
 0.07142857 0.0718232  0.06666667 0.06703911 0.06741573 0.06214689
 0.0625     0.06285714 0.06321839 0.06358382 0.06395349 0.06432749
 0.05882353 0.0591716  0.05952381 0.05988024 0.06024096 0.06060606
 0.06097561 0.06134969 0.05555556 0.05590062 0.05625    0.05660377
 0.05696203 0.05732484 0.05769231 0.05806452 0.05194805 0.05228758
 0.05263158 0.05298013 0.05333333 0.05369128 0.05405405 0.05442177
 0.04794521 0.04827586 0.04861111 0.04895105 0.04225352 0.04255319
 0.04285714 0.04316547 0.04347826 0.04379562 0.04411765 0.03703704
 0.03731343 0.03759398 0.03787879 0.03816794 0.03076923 0.03100775
 0.03125    0.03149606 0.03174603 0.032      0.03225806 0.03252033
 0.03278689 0.03305785 0.03333333 0.03361345 0.03389831 0.03418803
 0.03448276 0.03478261 0.03508772 0.03539823 0.03571429 0.03603604
 0.03636364 0.03669725 0.03703704 0.03738318 0.02830189 0.02857143
 0.01923077 0.01941748 0.01960784 0.01980198 0.02       0.02020202
 0.02040816 0.02061856 0.02083333 0.02105263 0.0212766  0.02150538
 0.02173913 0.02197802 0.02222222 0.02247191 0.02272727 0.02298851
 0.02325581 0.02352941 0.02380952 0.02409639 0.02439024 0.02469136
 0.025      0.02531646 0.02564103 0.02597403 0.02631579 0.02666667
 0.02702703 0.02739726 0.02777778 0.02816901 0.02857143 0.02898551
 0.02941176 0.02985075 0.03030303 0.03076923 0.03125    0.03174603
 0.03225806 0.03278689 0.03333333 0.03389831 0.03448276 0.03508772
 0.03571429 0.03636364 0.03703704 0.03773585 0.03846154 0.03921569
 0.04       0.04081633 0.04166667 0.04255319 0.04347826 0.04444444
 0.02272727 0.02325581 0.02380952 0.02439024 0.025      0.02564103
 0.02631579 0.02702703 0.02777778 0.02857143 0.02941176 0.03030303
 0.03125    0.03225806 0.03333333 0.03448276 0.03571429 0.03703704
 0.03846154 0.04       0.04166667 0.04347826 0.04545455 0.04761905
 0.05       0.05263158 0.05555556 0.05882353 0.0625     0.06666667
 0.07142857 0.07692308 0.08333333 0.09090909 0.1        0.11111111
 0.125      0.14285714 0.16666667 0.         0.         0.
 0.         0.         1.        ]","[1.         1.         0.96428571 0.96428571 0.96428571 0.96428571
 0.96428571 0.96428571 0.96428571 0.96428571 0.96428571 0.96428571
 0.96428571 0.96428571 0.92857143 0.89285714 0.89285714 0.89285714
 0.89285714 0.89285714 0.89285714 0.85714286 0.85714286 0.85714286
 0.85714286 0.85714286 0.85714286 0.85714286 0.85714286 0.85714286
 0.85714286 0.85714286 0.85714286 0.85714286 0.85714286 0.85714286
 0.85714286 0.85714286 0.85714286 0.85714286 0.85714286 0.85714286
 0.85714286 0.85714286 0.85714286 0.85714286 0.85714286 0.85714286
 0.85714286 0.85714286 0.85714286 0.85714286 0.85714286 0.85714286
 0.85714286 0.85714286 0.85714286 0.82142857 0.82142857 0.82142857
 0.82142857 0.82142857 0.78571429 0.78571429 0.78571429 0.78571429
 0.78571429 0.78571429 0.78571429 0.78571429 0.78571429 0.78571429
 0.78571429 0.78571429 0.78571429 0.78571429 0.78571429 0.78571429
 0.75       0.75       0.75       0.75       0.75       0.71428571
 0.67857143 0.67857143 0.67857143 0.67857143 0.67857143 0.67857143
 0.67857143 0.67857143 0.67857143 0.67857143 0.64285714 0.64285714
 0.64285714 0.64285714 0.64285714 0.64285714 0.64285714 0.64285714
 0.64285714 0.64285714 0.64285714 0.64285714 0.60714286 0.60714286
 0.60714286 0.60714286 0.60714286 0.60714286 0.60714286 0.60714286
 0.60714286 0.60714286 0.57142857 0.57142857 0.57142857 0.57142857
 0.57142857 0.57142857 0.57142857 0.57142857 0.57142857 0.57142857
 0.57142857 0.57142857 0.57142857 0.57142857 0.57142857 0.57142857
 0.57142857 0.57142857 0.57142857 0.57142857 0.57142857 0.57142857
 0.57142857 0.57142857 0.57142857 0.57142857 0.57142857 0.53571429
 0.53571429 0.53571429 0.53571429 0.53571429 0.53571429 0.53571429
 0.53571429 0.53571429 0.53571429 0.53571429 0.53571429 0.53571429
 0.53571429 0.53571429 0.53571429 0.53571429 0.53571429 0.53571429
 0.5        0.5        0.5        0.5        0.5        0.5
 0.5        0.5        0.5        0.5        0.5        0.5
 0.5        0.5        0.5        0.5        0.5        0.5
 0.5        0.5        0.5        0.5        0.5        0.5
 0.5        0.5        0.5        0.5        0.5        0.5
 0.46428571 0.46428571 0.46428571 0.46428571 0.46428571 0.46428571
 0.46428571 0.46428571 0.46428571 0.46428571 0.46428571 0.46428571
 0.46428571 0.46428571 0.46428571 0.46428571 0.46428571 0.46428571
 0.46428571 0.46428571 0.46428571 0.46428571 0.46428571 0.46428571
 0.46428571 0.46428571 0.42857143 0.42857143 0.42857143 0.39285714
 0.39285714 0.39285714 0.39285714 0.39285714 0.39285714 0.39285714
 0.35714286 0.35714286 0.35714286 0.35714286 0.35714286 0.35714286
 0.35714286 0.35714286 0.32142857 0.32142857 0.32142857 0.32142857
 0.32142857 0.32142857 0.32142857 0.32142857 0.28571429 0.28571429
 0.28571429 0.28571429 0.28571429 0.28571429 0.28571429 0.28571429
 0.25       0.25       0.25       0.25       0.21428571 0.21428571
 0.21428571 0.21428571 0.21428571 0.21428571 0.21428571 0.17857143
 0.17857143 0.17857143 0.17857143 0.17857143 0.14285714 0.14285714
 0.14285714 0.14285714 0.14285714 0.14285714 0.14285714 0.14285714
 0.14285714 0.14285714 0.14285714 0.14285714 0.14285714 0.14285714
 0.14285714 0.14285714 0.14285714 0.14285714 0.14285714 0.14285714
 0.14285714 0.14285714 0.14285714 0.14285714 0.10714286 0.10714286
 0.07142857 0.07142857 0.07142857 0.07142857 0.07142857 0.07142857
 0.07142857 0.07142857 0.07142857 0.07142857 0.07142857 0.07142857
 0.07142857 0.07142857 0.07142857 0.07142857 0.07142857 0.07142857
 0.07142857 0.07142857 0.07142857 0.07142857 0.07142857 0.07142857
 0.07142857 0.07142857 0.07142857 0.07142857 0.07142857 0.07142857
 0.07142857 0.07142857 0.07142857 0.07142857 0.07142857 0.07142857
 0.07142857 0.07142857 0.07142857 0.07142857 0.07142857 0.07142857
 0.07142857 0.07142857 0.07142857 0.07142857 0.07142857 0.07142857
 0.07142857 0.07142857 0.07142857 0.07142857 0.07142857 0.07142857
 0.07142857 0.07142857 0.07142857 0.07142857 0.07142857 0.07142857
 0.03571429 0.03571429 0.03571429 0.03571429 0.03571429 0.03571429
 0.03571429 0.03571429 0.03571429 0.03571429 0.03571429 0.03571429
 0.03571429 0.03571429 0.03571429 0.03571429 0.03571429 0.03571429
 0.03571429 0.03571429 0.03571429 0.03571429 0.03571429 0.03571429
 0.03571429 0.03571429 0.03571429 0.03571429 0.03571429 0.03571429
 0.03571429 0.03571429 0.03571429 0.03571429 0.03571429 0.03571429
 0.03571429 0.03571429 0.03571429 0.         0.         0.
 0.         0.         0.        ]","[0.05658905 0.05660836 0.05668373 0.05668698 0.05671597 0.05674232
 0.05674544 0.05674866 0.05675149 0.05675304 0.05675709 0.0567685
 0.05676965 0.05677356 0.05677414 0.05678222 0.05678463 0.05680275
 0.05680678 0.05681237 0.05681258 0.05681768 0.05682086 0.05682094
 0.05682443 0.05682476 0.056825   0.05682641 0.05682779 0.05682849
 0.0568293  0.05683067 0.05683101 0.05683657 0.05683728 0.0568412
 0.05684369 0.05684407 0.05684417 0.05684459 0.05684658 0.05684707
 0.05684807 0.05684876 0.05684936 0.05684952 0.05685332 0.0568545
 0.05685477 0.05685491 0.05685711 0.05685724 0.05685785 0.05685909
 0.05685967 0.05686009 0.05686097 0.0568617  0.05686214 0.0568635
 0.05686358 0.05686547 0.05686647 0.05686702 0.05686764 0.05686986
 0.05687019 0.05687172 0.05687201 0.0568723  0.0568724  0.05687274
 0.05687543 0.05687563 0.05687635 0.0568776  0.05687779 0.05687785
 0.05687803 0.05687953 0.05687966 0.05688024 0.05688075 0.05688152
 0.05688221 0.05688229 0.05688326 0.05688375 0.05688387 0.05688508
 0.05688599 0.05688643 0.0568865  0.05688727 0.05688786 0.05688805
 0.05688812 0.05688854 0.05688863 0.0568887  0.05688887 0.05688904
 0.05688976 0.05689005 0.05689045 0.05689085 0.05689107 0.05689353
 0.05689369 0.05689486 0.0568952  0.05689538 0.05689641 0.05689689
 0.05689712 0.05689743 0.05689765 0.05689798 0.05689804 0.05689825
 0.05689875 0.05689875 0.05689924 0.05690025 0.05690142 0.05690347
 0.0569035  0.05690493 0.0569056  0.0569057  0.0569058  0.05690614
 0.05690642 0.05690704 0.05690792 0.05690808 0.05690816 0.05690826
 0.05690838 0.05690932 0.05690949 0.05690964 0.05690969 0.05690995
 0.05691039 0.05691041 0.05691045 0.05691074 0.05691098 0.0569111
 0.05691152 0.05691244 0.05691304 0.05691335 0.05691429 0.05691596
 0.0569162  0.05691684 0.0569195  0.05691984 0.05691994 0.05692042
 0.05692201 0.05692202 0.05692282 0.05692406 0.05692458 0.05692493
 0.05692517 0.05692563 0.05692565 0.05692593 0.05692675 0.0569276
 0.05692827 0.05692835 0.05692897 0.05692923 0.05692994 0.05693018
 0.05693041 0.05693148 0.05693353 0.05693373 0.05693425 0.0569344
 0.05693515 0.05693521 0.05693547 0.05693716 0.05693724 0.05693744
 0.0569379  0.05693872 0.0569391  0.05693963 0.05694018 0.0569404
 0.05694044 0.05694051 0.05694085 0.0569411  0.0569411  0.05694135
 0.05694135 0.05694165 0.05694169 0.05694192 0.0569426  0.05694262
 0.05694321 0.05694374 0.05694393 0.05694516 0.05694534 0.05694537
 0.05694545 0.05694574 0.05694608 0.05694653 0.05694827 0.05694913
 0.05694983 0.05695066 0.05695107 0.0569511  0.05695121 0.05695122
 0.05695132 0.05695155 0.05695185 0.05695224 0.05695239 0.05695244
 0.05695249 0.0569527  0.05695362 0.0569542  0.05695433 0.05695467
 0.0569548  0.05695496 0.05695499 0.05695608 0.05695642 0.0569569
 0.05695698 0.05695699 0.05695716 0.05695805 0.05695967 0.05695975
 0.05695997 0.05696094 0.05696225 0.05696274 0.05696325 0.05696346
 0.05696428 0.05696429 0.05696518 0.0569652  0.05696594 0.05696604
 0.05696665 0.05696669 0.05696679 0.05696725 0.05696726 0.05696807
 0.05696815 0.05696818 0.05696869 0.05696964 0.05696989 0.0569708
 0.05697082 0.05697143 0.05697217 0.0569727  0.05697431 0.05697483
 0.05697502 0.05697585 0.0569773  0.05697742 0.05697757 0.05697897
 0.05697911 0.05698092 0.05698119 0.05698141 0.05698168 0.05698217
 0.05698249 0.05698329 0.05698416 0.05698504 0.05698505 0.05698568
 0.05698581 0.05698616 0.05698711 0.05699181 0.05699223 0.05699233
 0.0569941  0.05699446 0.0569946  0.05699503 0.05699758 0.05699766
 0.05699833 0.05699884 0.05699891 0.05699896 0.05699911 0.05699936
 0.05699962 0.05700017 0.05700083 0.05700118 0.05700133 0.05700271
 0.05700313 0.0570039  0.05700463 0.05700571 0.05700588 0.0570067
 0.05700753 0.05700797 0.05700819 0.05700848 0.05700881 0.05701119
 0.05701242 0.05701277 0.057016   0.05701636 0.05701732 0.05701763
 0.05701842 0.05701862 0.05701959 0.0570204  0.0570235  0.05702449
 0.05702482 0.05702608 0.05702647 0.05702774 0.05702923 0.05702942
 0.05702992 0.05703194 0.05703525 0.05703619 0.05703668 0.05703689
 0.0570384  0.05703847 0.05704127 0.05704271 0.05704303 0.05704346
 0.05704407 0.05704502 0.05704706 0.05704726 0.05704793 0.05704986
 0.05705249 0.05705258 0.05705345 0.05705617 0.05705808 0.05705826
 0.05705925 0.05706392 0.05706744 0.05707824 0.05708149 0.05708367
 0.05708668 0.05708943 0.05708949 0.05710189 0.05710532 0.05712195
 0.0571312  0.05714898 0.05715059 0.05717201 0.05717447 0.05720731
 0.05730834 0.05765018]"
MariaDB,is_change_text_num_words_20,Empty,[],0.9296482412060302,"[[370   0]
 [ 28   0]]","              precision    recall  f1-score   support

           0       0.93      1.00      0.96       370
           1       0.00      0.00      0.00        28

    accuracy                           0.93       398
   macro avg       0.46      0.50      0.48       398
weighted avg       0.86      0.93      0.90       398
",0.535175879396985,0.07035175879396985,0.5,"0      0
1      0
2      0
3      0
4      0
      ..
393    0
394    0
395    0
396    0
397    0
Name: label_is_empty, Length: 398, dtype: int64",[0.07035176 1.        ],[1. 0.],[0.]
MariaDB,is_change_text_num_words_20,Zero,[],0.9296482412060302,"[[370   0]
 [ 28   0]]","              precision    recall  f1-score   support

           0       0.93      1.00      0.96       370
           1       0.00      0.00      0.00        28

    accuracy                           0.93       398
   macro avg       0.46      0.50      0.48       398
weighted avg       0.86      0.93      0.90       398
",0.535175879396985,0.07035175879396985,0.5,"0      0
1      0
2      0
3      0
4      0
      ..
393    0
394    0
395    0
396    0
397    0
Name: all, Length: 398, dtype: int64",[0.07035176 1.        ],[1. 0.],[0.]
MariaDB,is_change_text_num_words_20,Random,[],0.5025125628140703,"[[185 185]
 [ 13  15]]","              precision    recall  f1-score   support

           0       0.93      0.50      0.65       370
           1       0.07      0.54      0.13        28

    accuracy                           0.50       398
   macro avg       0.50      0.52      0.39       398
weighted avg       0.87      0.50      0.61       398
",0.062467173428657236,0.0664113930992474,0.4721042471042471,"0      0
1      0
2      1
3      1
4      1
      ..
393    0
394    1
395    1
396    1
397    0
Name: pred, Length: 398, dtype: int64","[0.07035176 0.07052897 0.07070707 0.07088608 0.07106599 0.07124682
 0.07142857 0.06905371 0.06923077 0.06940874 0.06958763 0.06976744
 0.06994819 0.07012987 0.0703125  0.07049608 0.07068063 0.07086614
 0.07105263 0.06860158 0.06878307 0.06896552 0.06914894 0.06933333
 0.06951872 0.06970509 0.06989247 0.07008086 0.07027027 0.0704607
 0.06793478 0.06811989 0.06830601 0.06849315 0.06868132 0.06887052
 0.06906077 0.06925208 0.06944444 0.06963788 0.0698324  0.07002801
 0.07022472 0.07042254 0.07062147 0.07082153 0.07102273 0.07122507
 0.07142857 0.06876791 0.06896552 0.06916427 0.06936416 0.06956522
 0.06976744 0.06997085 0.07017544 0.07038123 0.07058824 0.07079646
 0.07100592 0.07121662 0.07142857 0.07164179 0.06886228 0.06906907
 0.06927711 0.0694864  0.06969697 0.06990881 0.07012195 0.07033639
 0.07055215 0.06769231 0.06790123 0.06811146 0.06832298 0.06853583
 0.06875    0.06896552 0.06918239 0.06940063 0.06962025 0.06984127
 0.07006369 0.07028754 0.07051282 0.06752412 0.06774194 0.06796117
 0.06818182 0.06840391 0.06862745 0.06885246 0.06907895 0.06930693
 0.06953642 0.06976744 0.07       0.07023411 0.0704698  0.07070707
 0.07094595 0.07118644 0.06802721 0.06825939 0.06849315 0.06872852
 0.06896552 0.06920415 0.06597222 0.06620209 0.06643357 0.06666667
 0.06690141 0.06360424 0.06382979 0.06405694 0.06428571 0.06451613
 0.0647482  0.06498195 0.06521739 0.06545455 0.06569343 0.06593407
 0.06617647 0.06642066 0.06666667 0.0669145  0.06343284 0.06367041
 0.06390977 0.06415094 0.06060606 0.0608365  0.0610687  0.06130268
 0.06153846 0.06177606 0.0620155  0.06225681 0.0625     0.0627451
 0.06299213 0.06324111 0.06349206 0.06374502 0.064      0.06425703
 0.06451613 0.06477733 0.06504065 0.06530612 0.06557377 0.06584362
 0.0661157  0.06639004 0.06666667 0.06694561 0.06722689 0.06751055
 0.06355932 0.06382979 0.06410256 0.06437768 0.06465517 0.06493506
 0.06521739 0.06550218 0.06578947 0.0660793  0.06637168 0.06666667
 0.06696429 0.06726457 0.06756757 0.0678733  0.06818182 0.06849315
 0.06880734 0.06912442 0.06944444 0.06976744 0.07009346 0.07042254
 0.07075472 0.07109005 0.07142857 0.07177033 0.07211538 0.07246377
 0.07281553 0.07317073 0.07352941 0.07389163 0.07425743 0.07462687
 0.075      0.07537688 0.07575758 0.07614213 0.07653061 0.07692308
 0.07731959 0.07772021 0.078125   0.07853403 0.07894737 0.07936508
 0.07978723 0.0802139  0.08064516 0.08108108 0.08152174 0.08196721
 0.08241758 0.08287293 0.08333333 0.08379888 0.08426966 0.08474576
 0.08522727 0.08571429 0.0862069  0.0867052  0.0872093  0.0877193
 0.08823529 0.0887574  0.08928571 0.08383234 0.07831325 0.07878788
 0.07926829 0.0797546  0.08024691 0.08074534 0.075      0.0754717
 0.07594937 0.07643312 0.07692308 0.07741935 0.07792208 0.07843137
 0.07894737 0.07284768 0.07333333 0.06711409 0.06756757 0.06802721
 0.06849315 0.06896552 0.06944444 0.06993007 0.07042254 0.07092199
 0.07142857 0.07194245 0.07246377 0.06569343 0.06617647 0.05925926
 0.05970149 0.06015038 0.0530303  0.05343511 0.05384615 0.05426357
 0.0546875  0.05511811 0.05555556 0.056      0.05645161 0.05691057
 0.05737705 0.05785124 0.05833333 0.05882353 0.05932203 0.05982906
 0.06034483 0.06086957 0.05263158 0.05309735 0.05357143 0.05405405
 0.05454545 0.05504587 0.05555556 0.05607477 0.05660377 0.04761905
 0.04807692 0.03883495 0.03921569 0.03960396 0.04       0.04040404
 0.04081633 0.04123711 0.04166667 0.03157895 0.03191489 0.03225806
 0.0326087  0.03296703 0.02222222 0.02247191 0.02272727 0.02298851
 0.02325581 0.02352941 0.02380952 0.02409639 0.02439024 0.02469136
 0.025      0.02531646 0.02564103 0.02597403 0.02631579 0.02666667
 0.02702703 0.02739726 0.02777778 0.02816901 0.02857143 0.02898551
 0.02941176 0.02985075 0.03030303 0.03076923 0.03125    0.03174603
 0.03225806 0.03278689 0.03333333 0.03389831 0.03448276 0.03508772
 0.03571429 0.03636364 0.03703704 0.03773585 0.03846154 0.03921569
 0.04       0.04081633 0.04166667 0.04255319 0.04347826 0.04444444
 0.04545455 0.04651163 0.04761905 0.04878049 0.05       0.05128205
 0.05263158 0.02702703 0.02777778 0.02857143 0.02941176 0.03030303
 0.03125    0.03225806 0.03333333 0.03448276 0.03571429 0.03703704
 0.03846154 0.04       0.04166667 0.04347826 0.04545455 0.04761905
 0.05       0.05263158 0.05555556 0.05882353 0.         0.
 0.         0.         0.         0.         0.         0.
 0.         0.         0.         0.         0.         0.
 0.         0.         1.        ]","[1.         1.         1.         1.         1.         1.
 1.         0.96428571 0.96428571 0.96428571 0.96428571 0.96428571
 0.96428571 0.96428571 0.96428571 0.96428571 0.96428571 0.96428571
 0.96428571 0.92857143 0.92857143 0.92857143 0.92857143 0.92857143
 0.92857143 0.92857143 0.92857143 0.92857143 0.92857143 0.92857143
 0.89285714 0.89285714 0.89285714 0.89285714 0.89285714 0.89285714
 0.89285714 0.89285714 0.89285714 0.89285714 0.89285714 0.89285714
 0.89285714 0.89285714 0.89285714 0.89285714 0.89285714 0.89285714
 0.89285714 0.85714286 0.85714286 0.85714286 0.85714286 0.85714286
 0.85714286 0.85714286 0.85714286 0.85714286 0.85714286 0.85714286
 0.85714286 0.85714286 0.85714286 0.85714286 0.82142857 0.82142857
 0.82142857 0.82142857 0.82142857 0.82142857 0.82142857 0.82142857
 0.82142857 0.78571429 0.78571429 0.78571429 0.78571429 0.78571429
 0.78571429 0.78571429 0.78571429 0.78571429 0.78571429 0.78571429
 0.78571429 0.78571429 0.78571429 0.75       0.75       0.75
 0.75       0.75       0.75       0.75       0.75       0.75
 0.75       0.75       0.75       0.75       0.75       0.75
 0.75       0.75       0.71428571 0.71428571 0.71428571 0.71428571
 0.71428571 0.71428571 0.67857143 0.67857143 0.67857143 0.67857143
 0.67857143 0.64285714 0.64285714 0.64285714 0.64285714 0.64285714
 0.64285714 0.64285714 0.64285714 0.64285714 0.64285714 0.64285714
 0.64285714 0.64285714 0.64285714 0.64285714 0.60714286 0.60714286
 0.60714286 0.60714286 0.57142857 0.57142857 0.57142857 0.57142857
 0.57142857 0.57142857 0.57142857 0.57142857 0.57142857 0.57142857
 0.57142857 0.57142857 0.57142857 0.57142857 0.57142857 0.57142857
 0.57142857 0.57142857 0.57142857 0.57142857 0.57142857 0.57142857
 0.57142857 0.57142857 0.57142857 0.57142857 0.57142857 0.57142857
 0.53571429 0.53571429 0.53571429 0.53571429 0.53571429 0.53571429
 0.53571429 0.53571429 0.53571429 0.53571429 0.53571429 0.53571429
 0.53571429 0.53571429 0.53571429 0.53571429 0.53571429 0.53571429
 0.53571429 0.53571429 0.53571429 0.53571429 0.53571429 0.53571429
 0.53571429 0.53571429 0.53571429 0.53571429 0.53571429 0.53571429
 0.53571429 0.53571429 0.53571429 0.53571429 0.53571429 0.53571429
 0.53571429 0.53571429 0.53571429 0.53571429 0.53571429 0.53571429
 0.53571429 0.53571429 0.53571429 0.53571429 0.53571429 0.53571429
 0.53571429 0.53571429 0.53571429 0.53571429 0.53571429 0.53571429
 0.53571429 0.53571429 0.53571429 0.53571429 0.53571429 0.53571429
 0.53571429 0.53571429 0.53571429 0.53571429 0.53571429 0.53571429
 0.53571429 0.53571429 0.53571429 0.5        0.46428571 0.46428571
 0.46428571 0.46428571 0.46428571 0.46428571 0.42857143 0.42857143
 0.42857143 0.42857143 0.42857143 0.42857143 0.42857143 0.42857143
 0.42857143 0.39285714 0.39285714 0.35714286 0.35714286 0.35714286
 0.35714286 0.35714286 0.35714286 0.35714286 0.35714286 0.35714286
 0.35714286 0.35714286 0.35714286 0.32142857 0.32142857 0.28571429
 0.28571429 0.28571429 0.25       0.25       0.25       0.25
 0.25       0.25       0.25       0.25       0.25       0.25
 0.25       0.25       0.25       0.25       0.25       0.25
 0.25       0.25       0.21428571 0.21428571 0.21428571 0.21428571
 0.21428571 0.21428571 0.21428571 0.21428571 0.21428571 0.17857143
 0.17857143 0.14285714 0.14285714 0.14285714 0.14285714 0.14285714
 0.14285714 0.14285714 0.14285714 0.10714286 0.10714286 0.10714286
 0.10714286 0.10714286 0.07142857 0.07142857 0.07142857 0.07142857
 0.07142857 0.07142857 0.07142857 0.07142857 0.07142857 0.07142857
 0.07142857 0.07142857 0.07142857 0.07142857 0.07142857 0.07142857
 0.07142857 0.07142857 0.07142857 0.07142857 0.07142857 0.07142857
 0.07142857 0.07142857 0.07142857 0.07142857 0.07142857 0.07142857
 0.07142857 0.07142857 0.07142857 0.07142857 0.07142857 0.07142857
 0.07142857 0.07142857 0.07142857 0.07142857 0.07142857 0.07142857
 0.07142857 0.07142857 0.07142857 0.07142857 0.07142857 0.07142857
 0.07142857 0.07142857 0.07142857 0.07142857 0.07142857 0.07142857
 0.07142857 0.03571429 0.03571429 0.03571429 0.03571429 0.03571429
 0.03571429 0.03571429 0.03571429 0.03571429 0.03571429 0.03571429
 0.03571429 0.03571429 0.03571429 0.03571429 0.03571429 0.03571429
 0.03571429 0.03571429 0.03571429 0.03571429 0.         0.
 0.         0.         0.         0.         0.         0.
 0.         0.         0.         0.         0.         0.
 0.         0.         0.        ]","[0.0031396  0.00860723 0.01014905 0.01068438 0.01498294 0.02153155
 0.0236398  0.02734068 0.02953653 0.0308198  0.03417489 0.03625952
 0.03723076 0.03904884 0.0409073  0.04179353 0.04701465 0.04741589
 0.04837006 0.05194045 0.05460243 0.05637089 0.05796624 0.06060587
 0.06070244 0.06576769 0.0668545  0.07117237 0.08039046 0.08114933
 0.08147881 0.08213388 0.08886129 0.0913516  0.09374548 0.09392018
 0.09613923 0.09695857 0.10207811 0.10254713 0.11001995 0.11436105
 0.11765557 0.1185748  0.1222037  0.12526812 0.1315876  0.13215261
 0.1332657  0.13675955 0.14087618 0.14108143 0.14603842 0.14814352
 0.14937358 0.15315809 0.15316722 0.15486801 0.15523227 0.15621988
 0.15943618 0.16350394 0.16514465 0.16519601 0.1669818  0.16814728
 0.16987257 0.17058051 0.17215439 0.17644359 0.18253113 0.18413902
 0.18692561 0.18696136 0.18712129 0.18828853 0.19180997 0.19521995
 0.19667149 0.20377835 0.20424158 0.20582175 0.2184013  0.21866487
 0.22505382 0.22516883 0.22702715 0.22822173 0.22956473 0.2311915
 0.23348117 0.23460226 0.2352575  0.23541113 0.23581445 0.2364859
 0.23673256 0.2422269  0.24807138 0.24814146 0.24960568 0.25250639
 0.25580547 0.26053415 0.2625632  0.2630962  0.26621579 0.26629596
 0.26991579 0.270119   0.27531155 0.28141779 0.28356263 0.28411969
 0.28437755 0.28462524 0.28937486 0.29371344 0.29519673 0.29604153
 0.29674497 0.30050583 0.30176458 0.30273913 0.30362635 0.30568949
 0.30688723 0.30859564 0.3093311  0.31776424 0.31780384 0.32016454
 0.3210841  0.32203069 0.32587803 0.32712901 0.32764135 0.32991883
 0.33039699 0.33339945 0.33630472 0.33913944 0.34325043 0.34380612
 0.34731756 0.35427195 0.35786055 0.35899952 0.36030942 0.36282624
 0.37042609 0.37110877 0.37587286 0.37720799 0.37823004 0.38094003
 0.38213369 0.38273935 0.3831253  0.38876173 0.38936034 0.39003594
 0.39354677 0.39758465 0.39938719 0.40130826 0.40524688 0.40552432
 0.40879062 0.41041326 0.41559002 0.42751716 0.43088001 0.43094605
 0.43151278 0.43191167 0.43726785 0.44211554 0.44300276 0.44418151
 0.44470913 0.44806625 0.44842249 0.44888462 0.44949399 0.44976859
 0.45293092 0.45299146 0.45481849 0.46114012 0.46725582 0.46891339
 0.47048157 0.47165811 0.47717119 0.48444213 0.49171893 0.49725999
 0.50185562 0.50932412 0.51277032 0.51429921 0.51483195 0.51617132
 0.51621133 0.51672072 0.51897728 0.52290635 0.52328913 0.52373891
 0.52481967 0.53130814 0.53316203 0.53359687 0.53428445 0.53462591
 0.53786338 0.53838607 0.53943942 0.54012221 0.54283836 0.54467754
 0.54472972 0.5523459  0.55299084 0.55394927 0.55528457 0.55610577
 0.55653175 0.55923928 0.5634249  0.56496601 0.56530547 0.57146427
 0.57202958 0.57782151 0.57976643 0.5849919  0.59148235 0.59466438
 0.5960275  0.59615094 0.60654095 0.61024701 0.61330024 0.61428745
 0.61643754 0.62074252 0.62636762 0.62670007 0.62860751 0.62915756
 0.6344263  0.63947959 0.64486837 0.65029789 0.65099304 0.65479951
 0.65713811 0.65847088 0.65858655 0.65869681 0.66004225 0.66301774
 0.66532009 0.66701865 0.66729879 0.66739902 0.67129365 0.67542536
 0.67637641 0.68009907 0.6821628  0.6858161  0.6957638  0.6957797
 0.69675046 0.6974465  0.69901443 0.70067281 0.70498453 0.70618608
 0.70788976 0.71161044 0.71378841 0.71789115 0.72007581 0.72119067
 0.72293763 0.72400646 0.73207697 0.7350876  0.73593227 0.73605223
 0.73628828 0.73687485 0.73892958 0.73905306 0.73956778 0.74069984
 0.74514768 0.74630429 0.74654881 0.74716561 0.74730477 0.74736768
 0.74821337 0.75004141 0.75066914 0.75151151 0.76149773 0.76298655
 0.76496048 0.76655682 0.7694422  0.76992541 0.77040552 0.77222185
 0.77362329 0.77532246 0.77575041 0.788832   0.78892188 0.79920987
 0.80242528 0.80360349 0.80463859 0.80529265 0.80818107 0.81063703
 0.81147347 0.81774727 0.81890604 0.81970362 0.81976741 0.82179135
 0.82221377 0.82732968 0.82786338 0.82838837 0.83068393 0.83643311
 0.83969853 0.84474157 0.84966841 0.85240245 0.85482413 0.85963302
 0.86018367 0.8605906  0.86378525 0.86594172 0.86679142 0.8744101
 0.88849467 0.88945977 0.8918822  0.89302839 0.89345544 0.89874034
 0.8999029  0.90380297 0.90493596 0.90530845 0.90912606 0.91067188
 0.91172658 0.91182667 0.91214884 0.92007968 0.92734598 0.92881226
 0.93824714 0.9382602  0.93941544 0.94302288 0.94697807 0.95115152
 0.96122583 0.96433324 0.96479197 0.96828797 0.96893723 0.96919905
 0.9699646  0.97321328 0.97752297 0.97770172 0.97891042 0.98099123
 0.98596541 0.98622788 0.98899029 0.99100028 0.99170437 0.99383405
 0.99692685 0.99692995]"
